metric,seeds,difference_n,difference_mean,difference_std,difference_ci_low,difference_ci_high,paired_effect_size_dz
best_accuracy,1234;1337;2027,3,0.007645259938837912,0.012262243832068392,0.0,0.02178899082568808,0.6234796863885482
best_nll,1234;1337;2027,3,-0.009466300727030566,0.006727902568427394,-0.01689327638083643,-0.003779314116600485,-1.4070210783749886
best_ece,1234;1337;2027,3,0.00974673146113537,0.024639189088321696,-0.01409259348842501,0.03511461234550506,0.39557841884313694
final_accuracy,1234;1337;2027,3,0.011850152905198788,0.003503498237733838,0.008027522935779796,0.014908256880733939,3.3823772986578704
final_nll,1234;1337;2027,3,-0.022154193793050354,0.011638409029372698,-0.03371651593698277,-0.010441161623788497,-1.9035414322643418
final_ece,1234;1337;2027,3,-0.006500508400555827,0.004332877059484903,-0.010833688403244668,-0.0021679343478311353,-1.5002752931394305
