seed,accuracy_tolerance,majority_baseline,tie_break,status,direct_step,pretrained_step,direct_accuracy,pretrained_accuracy,accuracy_difference_pretrained_minus_direct,absolute_accuracy_difference,direct_nll,pretrained_nll,direct_ece,pretrained_ece
1234,0.01,0.5091743119266054,highest_min_accuracy;smallest_accuracy_difference;earliest_max_step;direct_step;pretrained_step,available,1300,1700,0.8222477064220184,0.8222477064220184,0.0,0.0,0.45320616101999894,0.43577588862235395,0.08977528156317027,0.07145155836599387
1337,0.01,0.5091743119266054,highest_min_accuracy;smallest_accuracy_difference;earliest_max_step;direct_step;pretrained_step,available,1578,1400,0.8314220183486238,0.8348623853211009,0.0034403669724770714,0.0034403669724770714,0.4103415306281606,0.4351193975964817,0.04919786501879697,0.07142951980517742
2027,0.01,0.5091743119266054,highest_min_accuracy;smallest_accuracy_difference;earliest_max_step;direct_step;pretrained_step,available,2900,2500,0.8211009174311926,0.8211009174311926,0.0,0.0,0.5318008384436642,0.5132854263716882,0.10833525030497837,0.09892509429318297
