route,seed,step,accuracy,nll,ece,best_step,best_accuracy,best_nll,best_ece,final_step,final_accuracy,final_nll,final_ece,source_run
direct,1234,600,0.7970183486238532,0.4193590349013652,0.021528163229613817,600,0.7970183486238532,0.4193590349013652,0.021528163229613817,3156,0.819954128440367,0.5458835959434509,0.11188451638995184,/home/sophgo13/cjl/storage/parameter-importance/runs/stage-b-sst2-direct-controlled-seed1234
direct,1337,1000,0.8176605504587156,0.4069731481578372,0.030170952571862586,1000,0.8176605504587156,0.4069731481578372,0.030170952571862586,3156,0.8073394495412844,0.5593566448863493,0.1212729958458999,/home/sophgo13/cjl/storage/parameter-importance/runs/stage-b-sst2-direct-controlled-seed1337
direct,2027,1000,0.8153669724770642,0.4119017401693064,0.047570513643290624,1000,0.8153669724770642,0.4119017401693064,0.047570513643290624,3156,0.8165137614678899,0.5261339113936512,0.10554803269136448,/home/sophgo13/cjl/storage/parameter-importance/runs/stage-b-sst2-direct-controlled-seed2027
pretrained,1234,1000,0.8188073394495413,0.41163272321771044,0.056642775575118876,1000,0.8188073394495413,0.41163272321771044,0.056642775575118876,3156,0.8279816513761468,0.5121670800064682,0.10538461393936016,/home/sophgo13/cjl/storage/parameter-importance/runs/stage-b-sst2-pretrained-controlled-seed1234
pretrained,1337,789,0.8176605504587156,0.39007987177700076,0.038389128098188646,789,0.8176605504587156,0.39007987177700076,0.038389128098188646,3156,0.8222477064220184,0.5489154832625608,0.11043930744265523,/home/sophgo13/cjl/storage/parameter-importance/runs/stage-b-sst2-pretrained-controlled-seed1337
pretrained,2027,1200,0.8165137614678899,0.40812242605270593,0.033477920154865615,1200,0.8165137614678899,0.40812242605270593,0.033477920154865615,3156,0.8291284403669725,0.5038290075752714,0.10338009834353334,/home/sophgo13/cjl/storage/parameter-importance/runs/stage-b-sst2-pretrained-controlled-seed2027
