route,accuracy_n,accuracy_mean,accuracy_std,accuracy_ci_low,accuracy_ci_high,nll_n,nll_mean,nll_std,nll_ci_low,nll_ci_high,ece_n,ece_mean,ece_std,ece_ci_low,ece_ci_high,best_accuracy_n,best_accuracy_mean,best_accuracy_std,best_accuracy_ci_low,best_accuracy_ci_high,best_nll_n,best_nll_mean,best_nll_std,best_nll_ci_low,best_nll_ci_high,best_ece_n,best_ece_mean,best_ece_std,best_ece_ci_low,best_ece_ci_high,final_accuracy_n,final_accuracy_mean,final_accuracy_std,final_accuracy_ci_low,final_accuracy_ci_high,final_nll_n,final_nll_mean,final_nll_std,final_nll_ci_low,final_nll_ci_high,final_ece_n,final_ece_mean,final_ece_std,final_ece_ci_low,final_ece_ci_high
direct,3,0.8100152905198778,0.01131395151907394,0.7970183486238532,0.8176605504587156,3,0.41274464107616965,0.006235816631361841,0.4069731481578372,0.4193590349013652,3,0.03308987648158901,0.013264278772713673,0.021528163229613817,0.047570513643290624,3,0.8100152905198778,0.01131395151907394,0.7970183486238532,0.8176605504587156,3,0.41274464107616965,0.006235816631361841,0.4069731481578372,0.4193590349013652,3,0.03308987648158901,0.013264278772713673,0.021528163229613817,0.047570513643290624,3,0.8146024464831804,0.006520918237473971,0.8073394495412844,0.819954128440367,3,0.5437913840744838,0.01670989282012893,0.5261339113936512,0.5593566448863493,3,0.11290184830907207,0.007911690067749102,0.10554803269136448,0.1212729958458999
pretrained,3,0.8176605504587157,0.001146788990825709,0.8165137614678898,0.8188073394495413,3,0.40327834034913906,0.011564178571517784,0.3900798717770007,0.41163272321771044,3,0.042836607942724376,0.012206051342918925,0.033477920154865615,0.056642775575118876,3,0.8176605504587157,0.001146788990825709,0.8165137614678898,0.8188073394495413,3,0.40327834034913906,0.011564178571517784,0.3900798717770007,0.41163272321771044,3,0.042836607942724376,0.012206051342918925,0.033477920154865615,0.056642775575118876,3,0.8264525993883792,0.0036864108413581552,0.8222477064220183,0.8291284403669725,3,0.5216371902814335,0.023988743483978836,0.5038290075752714,0.5489154832625608,3,0.10640133990851625,0.003637775013459271,0.10338009834353334,0.11043930744265523
