batch_size,cell_id,mae,method,mse,pearson,source_batch_artifact_hash,source_method_artifact_hash,source_ref,successful_repetitions,model,stage,model_label,stage_label,cell_label,method_label,signed_bias_mean,between_repetition_variance_mean,mean_negative_fraction,mean_absolute_importance,coordinate_count,resolved_batch_summary_ref,mse_rank_key,mse_rank_within_cell_batch,raw_mse,mse_ratio_to_raw,log10_mse_ratio_to_raw,mse_ratio_to_cell_best,log10_mse
32,pythia-14m:initialization,5.479308915432505e-08,double,1.434836826757963e-12,0.9868241483268086,44ecf8f669b56e87d05d1d1abe6e3a7946c64f1092d1bf878634746d30667bbd,b6ed3b798fc0746798501213c239cf36973669f8f3308f488bc2f718f9733763,results/stage2/direct-unvalidated/pythia-grid-20260826T145530Z/pythia-14m__initialization/batch-summaries.jsonl,64,pythia-14m,initialization,Pythia-14M,初始化,Pythia-14M · 初始化,Double,7.470444330702078e-10,3.4228393399685117e-12,0.16098865259681178,2.484664553250589e-07,14067712,pythia-14m__initialization/batch-summaries.jsonl,-11.843197485179,3.5,1.3996618545092367e-12,1.0251310501428643,0.010779388041383392,1.0251310501428643,-11.843197485179427
32,pythia-14m:initialization,5.877786873558768e-08,raw,1.3996618545092367e-12,0.9869776912530103,44ecf8f669b56e87d05d1d1abe6e3a7946c64f1092d1bf878634746d30667bbd,1214f2cf2be4d571c0461755094508184ccf76bd52bf6425d08290fa1118949b,results/stage2/direct-unvalidated/pythia-grid-20260826T145530Z/pythia-14m__initialization/batch-summaries.jsonl,64,pythia-14m,initialization,Pythia-14M,初始化,Pythia-14M · 初始化,Raw,1.6214297374547233e-08,3.4720946641761323e-12,0.0,2.636591437245019e-07,14067712,pythia-14m__initialization/batch-summaries.jsonl,-11.853976873221,1.0,1.3996618545092367e-12,1.0,0.0,1.0,-11.85397687322081
32,pythia-14m:initialization,5.4808006434053145e-08,u_m16,1.4429698020022122e-12,0.9867491523804397,44ecf8f669b56e87d05d1d1abe6e3a7946c64f1092d1bf878634746d30667bbd,321b1cb245ba329138cf5ec94cb752dcc5bfe8705765ae12f084f67dfca39993,results/stage2/direct-unvalidated/pythia-grid-20260826T145530Z/pythia-14m__initialization/batch-summaries.jsonl,64,pythia-14m,initialization,Pythia-14M,初始化,Pythia-14M · 初始化,U-16,1.2595793389304638e-09,3.3232954016748662e-12,0.17362887440402533,2.488511053063268e-07,14067712,pythia-14m__initialization/batch-summaries.jsonl,-11.840742757584,7.0,1.3996618545092367e-12,1.0309417216404462,0.013234115637219847,1.0309417216404462,-11.840742757583591
32,pythia-14m:initialization,5.479308915432505e-08,u_m2,1.434836826757963e-12,0.9868241483268086,44ecf8f669b56e87d05d1d1abe6e3a7946c64f1092d1bf878634746d30667bbd,6e9ba6239ca9bdc45e8b2d422cb43d87dc83bdc8b101b28babf5803ddb9dbc9e,results/stage2/direct-unvalidated/pythia-grid-20260826T145530Z/pythia-14m__initialization/batch-summaries.jsonl,64,pythia-14m,initialization,Pythia-14M,初始化,Pythia-14M · 初始化,U-2,7.470444330702086e-10,3.4228393399685117e-12,0.16098865259681178,2.4846645532505896e-07,14067712,pythia-14m__initialization/batch-summaries.jsonl,-11.843197485179,3.5,1.3996618545092367e-12,1.0251310501428643,0.010779388041383392,1.0251310501428643,-11.843197485179427
32,pythia-14m:initialization,5.4812293040193585e-08,u_m32,1.4420429708045257e-12,0.9867563813553205,44ecf8f669b56e87d05d1d1abe6e3a7946c64f1092d1bf878634746d30667bbd,f3619c0801663eee2bf6f15293f4f7a250ffaa08f92940bb15758ccf99f30c7a,results/stage2/direct-unvalidated/pythia-grid-20260826T145530Z/pythia-14m__initialization/batch-summaries.jsonl,64,pythia-14m,initialization,Pythia-14M,初始化,Pythia-14M · 初始化,U-32,1.2898598039491845e-09,3.3281450669802853e-12,0.17473125693787306,2.48877027335013e-07,14067712,pythia-14m__initialization/batch-summaries.jsonl,-11.841021798073,6.0,1.3996618545092367e-12,1.030279539417861,0.012955075147380401,1.030279539417861,-11.841021798073431
32,pythia-14m:initialization,5.477211137855907e-08,u_m4,1.4293337338571342e-12,0.9868654579045141,44ecf8f669b56e87d05d1d1abe6e3a7946c64f1092d1bf878634746d30667bbd,aed721d60065cb335deea7a42256c687f3a714dc44045ae22fc91ee0983a6d3a,results/stage2/direct-unvalidated/pythia-grid-20260826T145530Z/pythia-14m__initialization/batch-summaries.jsonl,64,pythia-14m,initialization,Pythia-14M,初始化,Pythia-14M · 初始化,U-4,1.1173143206531513e-09,3.358096194490549e-12,0.16920583816330617,2.487530947874617e-07,14067712,pythia-14m__initialization/batch-summaries.jsonl,-11.844866356338,2.0,1.3996618545092367e-12,1.0211993198587963,0.009110516882633733,1.0211993198587963,-11.844866356338176
32,pythia-14m:initialization,5.480110728098783e-08,u_m8,1.4378462497128266e-12,0.9867913401254224,44ecf8f669b56e87d05d1d1abe6e3a7946c64f1092d1bf878634746d30667bbd,fb2fc62335ece1db99c3f33d31ea844ded55d497a87cc76e05baa2f0c42e5e70,results/stage2/direct-unvalidated/pythia-grid-20260826T145530Z/pythia-14m__initialization/batch-summaries.jsonl,64,pythia-14m,initialization,Pythia-14M,初始化,Pythia-14M · 初始化,U-8,1.2191316761137338e-09,3.3385183289625704e-12,0.17224791067659048,2.4882513078342353e-07,14067712,pythia-14m__initialization/batch-summaries.jsonl,-11.842287550998,5.0,1.3996618545092367e-12,1.027281157288507,0.01168932222231417,1.027281157288507,-11.842287550998497
64,pythia-14m:initialization,5.5733977948361584e-08,double,1.7071130785893018e-12,0.9851944459787292,e9754c1ed097643183d5fc8eabc8bf9fd133443d2d43ea937141864d65275fd7,64c8eea761758b60548af297f0ac0fab83bd6117587618f80ce071b729e18f2b,results/stage2/direct-unvalidated/pythia-grid-20260826T145530Z/pythia-14m__initialization/batch-summaries.jsonl,64,pythia-14m,initialization,Pythia-14M,初始化,Pythia-14M · 初始化,Double,-4.8216120643465565e-09,1.3479343134871748e-12,0.18779926686016887,2.427371253987995e-07,14067712,pythia-14m__initialization/batch-summaries.jsonl,-11.767737710414,6.5,1.6458717943565239e-12,1.0372090246899948,0.015866286882518708,1.2196610724865875,-11.767737710413781
64,pythia-14m:initialization,5.701871267250032e-08,raw,1.6458717943565239e-12,0.9854599557888718,e9754c1ed097643183d5fc8eabc8bf9fd133443d2d43ea937141864d65275fd7,22e788c22409df3a4fad75390892619b8cba8434b0342cf044bff4634af44145,results/stage2/direct-unvalidated/pythia-grid-20260826T145530Z/pythia-14m__initialization/batch-summaries.jsonl,64,pythia-14m,initialization,Pythia-14M,初始化,Pythia-14M · 初始化,Raw,2.9825448608871484e-09,1.3578439402637193e-12,0.0,2.5042739121084176e-07,14067712,pythia-14m__initialization/batch-summaries.jsonl,-11.783603997296,1.0,1.6458717943565239e-12,1.0,0.0,1.1759067299391508,-11.7836039972963
64,pythia-14m:initialization,5.5696476176764835e-08,u_m16,1.6975154370883e-12,0.985276005223998,e9754c1ed097643183d5fc8eabc8bf9fd133443d2d43ea937141864d65275fd7,07658de928c4f81a9c4291bf5d7be5bcd8355969b0a4c8c5769cdbd9748f748e,results/stage2/direct-unvalidated/pythia-grid-20260826T145530Z/pythia-14m__initialization/batch-summaries.jsonl,64,pythia-14m,initialization,Pythia-14M,初始化,Pythia-14M · 初始化,U-16,-4.736937212147005e-09,1.3272742010085588e-12,0.20164153204159993,2.4277562562766324e-07,14067712,pythia-14m__initialization/batch-summaries.jsonl,-11.770186267585,4.0,1.6458717943565239e-12,1.0313776825806573,0.013417729710861222,1.2128039580556402,-11.770186267585439
64,pythia-14m:initialization,5.5733977948361584e-08,u_m2,1.7071130785893022e-12,0.9851944459787292,e9754c1ed097643183d5fc8eabc8bf9fd133443d2d43ea937141864d65275fd7,b1e32e5a6ac6057236b8d4d9fd724301596a2abddb0f6991a0a03819532986d3,results/stage2/direct-unvalidated/pythia-grid-20260826T145530Z/pythia-14m__initialization/batch-summaries.jsonl,64,pythia-14m,initialization,Pythia-14M,初始化,Pythia-14M · 初始化,U-2,-4.8216120643465565e-09,1.3479343134871754e-12,0.18779926686016887,2.427371253987995e-07,14067712,pythia-14m__initialization/batch-summaries.jsonl,-11.767737710414,6.5,1.6458717943565239e-12,1.037209024689995,0.0158662868825188,1.219661072486588,-11.767737710413781
64,pythia-14m:initialization,5.5698789504460143e-08,u_m32,1.6971652338287307e-12,0.9852787371840791,e9754c1ed097643183d5fc8eabc8bf9fd133443d2d43ea937141864d65275fd7,0b7c85023f9ec3d65310857130956378888a4f49e23c603bcd1701431b1826e8,results/stage2/direct-unvalidated/pythia-grid-20260826T145530Z/pythia-14m__initialization/batch-summaries.jsonl,64,pythia-14m,initialization,Pythia-14M,初始化,Pythia-14M · 初始化,U-32,-4.732692375245607e-09,1.3258954655305907e-12,0.20239218715879312,2.4277794961343156e-07,14067712,pythia-14m__initialization/batch-summaries.jsonl,-11.770275873271,3.0,1.6458717943565239e-12,1.0311649058256454,0.01332812402569746,1.2125537524374468,-11.770275873270602
64,pythia-14m:initialization,5.569159318184958e-08,u_m4,1.6985518340605478e-12,0.9852663264250007,e9754c1ed097643183d5fc8eabc8bf9fd133443d2d43ea937141864d65275fd7,3e9ddc8b6b61d13762e92ba6253ffd71ecf0471ac8322c5e007cdf3ca141cc18,results/stage2/direct-unvalidated/pythia-grid-20260826T145530Z/pythia-14m__initialization/batch-summaries.jsonl,64,pythia-14m,initialization,Pythia-14M,初始化,Pythia-14M · 初始化,U-4,-4.801489006251988e-09,1.3321504396820459e-12,0.1971358242193187,2.427302059161888e-07,14067712,pythia-14m__initialization/batch-summaries.jsonl,-11.769921195392,5.0,1.6458717943565239e-12,1.0320073774182514,0.013682801904162793,1.2135444204529748,-11.769921195392138
64,pythia-14m:initialization,5.569419703087008e-08,u_m8,1.6966178720471198e-12,0.9852775463813649,e9754c1ed097643183d5fc8eabc8bf9fd133443d2d43ea937141864d65275fd7,c1bfc6afb7d17b314ae3455346a89aabd16f456b857b1f1283aa3e0fc2d3092b,results/stage2/direct-unvalidated/pythia-grid-20260826T145530Z/pythia-14m__initialization/batch-summaries.jsonl,64,pythia-14m,initialization,Pythia-14M,初始化,Pythia-14M · 初始化,U-8,-4.685786464152161e-09,1.3306770082054911e-12,0.20011683491956617,2.4282908673928896e-07,14067712,pythia-14m__initialization/batch-summaries.jsonl,-11.770415962484,2.0,1.6458717943565239e-12,1.0308323393502443,0.013188034811977195,1.2121626852808707,-11.770415962484323
128,pythia-14m:initialization,5.34429168166155e-08,double,1.463765244082886e-12,0.987918761674755,c3438b5f26c47f978ea80a5c3fdbbf21b2c19b43eff2bd69cc972aafe2d71c79,03f201198252ea10767676a2939e51dfe35ae6fbaa252087559a73687742a089,results/stage2/direct-unvalidated/pythia-grid-20260826T145530Z/pythia-14m__initialization/batch-summaries.jsonl,64,pythia-14m,initialization,Pythia-14M,初始化,Pythia-14M · 初始化,Double,-6.739894219544404e-09,7.807078330943456e-13,0.20750744683996944,2.4074160001770823e-07,14067712,pythia-14m__initialization/batch-summaries.jsonl,-11.834528569025,4.5,1.4340762819963372e-12,1.020702498506718,0.008899177851524035,1.0457991974040943,-11.83452856902523
128,pythia-14m:initialization,5.394896488865125e-08,raw,1.4340762819963372e-12,0.9880031401386272,c3438b5f26c47f978ea80a5c3fdbbf21b2c19b43eff2bd69cc972aafe2d71c79,d30ed22740b87ff9d1aa3f4d115ef3f762ea4596feba0d7c15fcf46a19e8ac97,results/stage2/direct-unvalidated/pythia-grid-20260826T145530Z/pythia-14m__initialization/batch-summaries.jsonl,64,pythia-14m,initialization,Pythia-14M,初始化,Pythia-14M · 初始化,Raw,-2.696171131969176e-09,7.889728724737217e-13,0.0,2.4474867521798544e-07,14067712,pythia-14m__initialization/batch-summaries.jsonl,-11.843427746877,1.0,1.4340762819963372e-12,1.0,0.0,1.0245876726412375,-11.843427746876754
128,pythia-14m:initialization,5.3435544122532656e-08,u_m16,1.4632538898211757e-12,0.9879216834631853,c3438b5f26c47f978ea80a5c3fdbbf21b2c19b43eff2bd69cc972aafe2d71c79,b8e233e3621d3e88bfa6a0c4d902a4a0954fedfed1e45e73f90ac9f22a1c5ac2,results/stage2/direct-unvalidated/pythia-grid-20260826T145530Z/pythia-14m__initialization/batch-summaries.jsonl,64,pythia-14m,initialization,Pythia-14M,初始化,Pythia-14M · 初始化,U-16,-6.7307368567480655e-09,7.810778388851502e-13,0.2144177390040399,2.407385931996295e-07,14067712,pythia-14m__initialization/batch-summaries.jsonl,-11.834680312711,3.0,1.4340762819963372e-12,1.020345924544698,0.008747434165365355,1.0454338561182237,-11.834680312711388
128,pythia-14m:initialization,5.34429168166155e-08,u_m2,1.463765244082886e-12,0.987918761674755,c3438b5f26c47f978ea80a5c3fdbbf21b2c19b43eff2bd69cc972aafe2d71c79,f597acdf54d82a60ad4c45e98f22a4f67fe4c2a26d930c6b383df42d615b656a,results/stage2/direct-unvalidated/pythia-grid-20260826T145530Z/pythia-14m__initialization/batch-summaries.jsonl,64,pythia-14m,initialization,Pythia-14M,初始化,Pythia-14M · 初始化,U-2,-6.739894219544403e-09,7.807078330943456e-13,0.20750744683996944,2.4074160001770823e-07,14067712,pythia-14m__initialization/batch-summaries.jsonl,-11.834528569025,4.5,1.4340762819963372e-12,1.020702498506718,0.008899177851524035,1.0457991974040943,-11.83452856902523
128,pythia-14m:initialization,5.3433789528442914e-08,u_m32,1.463149711787358e-12,0.9879228538302308,c3438b5f26c47f978ea80a5c3fdbbf21b2c19b43eff2bd69cc972aafe2d71c79,ef65e531e2a808206b90826dcf06b8e33f6f16e3f3ac09a790ce05c32ae837c9,results/stage2/direct-unvalidated/pythia-grid-20260826T145530Z/pythia-14m__initialization/batch-summaries.jsonl,64,pythia-14m,initialization,Pythia-14M,初始化,Pythia-14M · 初始化,U-32,-6.729483092100064e-09,7.808243071007536e-13,0.2146609910694788,2.407391674346891e-07,14067712,pythia-14m__initialization/batch-summaries.jsonl,-11.834711233904,2.0,1.4340762819963372e-12,1.0202732798499035,0.008716512972391982,1.0453594252594545,-11.834711233904363
128,pythia-14m:initialization,5.3426051266843567e-08,u_m4,1.4644436893546895e-12,0.9879203154920011,c3438b5f26c47f978ea80a5c3fdbbf21b2c19b43eff2bd69cc972aafe2d71c79,23ae2db3405bcc9f0adbe004d69fe9577ba266e2ef8a5741b7d7d27662bc2c91,results/stage2/direct-unvalidated/pythia-grid-20260826T145530Z/pythia-14m__initialization/batch-summaries.jsonl,64,pythia-14m,initialization,Pythia-14M,初始化,Pythia-14M · 初始化,U-4,-6.810499013287823e-09,7.811453681060677e-13,0.21292062277078178,2.406655251326048e-07,14067712,pythia-14m__initialization/batch-summaries.jsonl,-11.83432732311,7.0,1.4340762819963372e-12,1.0211755871982477,0.009100423766544252,1.0462839182455017,-11.83432732311021
128,pythia-14m:initialization,5.343512374635398e-08,u_m8,1.4638099704624397e-12,0.9879210690795679,c3438b5f26c47f978ea80a5c3fdbbf21b2c19b43eff2bd69cc972aafe2d71c79,5793b62953774756e2cfda32a9f8b1c5bc27dd3e4a1520cc4b84033e997b31ad,results/stage2/direct-unvalidated/pythia-grid-20260826T145530Z/pythia-14m__initialization/batch-summaries.jsonl,64,pythia-14m,initialization,Pythia-14M,初始化,Pythia-14M · 初始化,U-8,-6.796166736692838e-09,7.812348227193688e-13,0.2141235902469428,2.4067608663132145e-07,14067712,pythia-14m__initialization/batch-summaries.jsonl,-11.834515299054,6.0,1.4340762819963372e-12,1.02073368679155,0.008912447823028597,1.045831152536264,-11.834515299053725
256,pythia-14m:initialization,5.439350009274354e-08,double,1.5650538724111867e-12,0.9864643571937763,1b4f80c4797737d3ad26a3d8692cc8711a4cabbfac4219282f079dc6cfd38bc1,376ae52998a63533f020ebe7b41c96124e24e0bb6090239fbbf03ab8c192fc38,results/stage2/direct-unvalidated/pythia-grid-20260826T145530Z/pythia-14m__initialization/batch-summaries.jsonl,64,pythia-14m,initialization,Pythia-14M,初始化,Pythia-14M · 初始化,Double,-4.947454355067552e-09,3.3707431230850543e-13,0.20427117074901732,2.4251579136622556e-07,14067712,pythia-14m__initialization/batch-summaries.jsonl,-11.80547070854,6.5,1.5503468782024226e-12,1.009486260407617,0.0041004123635982005,1.11816569649956,-11.805470708540394
256,pythia-14m:initialization,5.461217653304691e-08,raw,1.5503468782024226e-12,0.9865207366779039,1b4f80c4797737d3ad26a3d8692cc8711a4cabbfac4219282f079dc6cfd38bc1,0caa57156b10cd17c7e1dbcb88ca170391c24404fadf8b75fce4883a2cff4502,results/stage2/direct-unvalidated/pythia-grid-20260826T145530Z/pythia-14m__initialization/batch-summaries.jsonl,64,pythia-14m,initialization,Pythia-14M,初始化,Pythia-14M · 初始化,Raw,-2.910146033167717e-09,3.402453722517699e-13,0.0,2.445347003167869e-07,14067712,pythia-14m__initialization/batch-summaries.jsonl,-11.809571120904,1.0,1.5503468782024226e-12,1.0,0.0,1.1076581627253252,-11.809571120903993
256,pythia-14m:initialization,5.439214144831992e-08,u_m16,1.5638888478007805e-12,0.9864725396588063,1b4f80c4797737d3ad26a3d8692cc8711a4cabbfac4219282f079dc6cfd38bc1,790d4cd37e2b75705a21d6b4058706255e0fa48ebf0d93d279ff407049f24a45,results/stage2/direct-unvalidated/pythia-grid-20260826T145530Z/pythia-14m__initialization/batch-summaries.jsonl,64,pythia-14m,initialization,Pythia-14M,初始化,Pythia-14M · 初始化,U-16,-4.90530131185447e-09,3.382955811254305e-13,0.19900194146709857,2.4255031046019985e-07,14067712,pythia-14m__initialization/batch-summaries.jsonl,-11.805794117326,5.0,1.5503468782024226e-12,1.0087347997978744,0.0037770035778162403,1.1173333350212125,-11.805794117326176
256,pythia-14m:initialization,5.439350009274354e-08,u_m2,1.5650538724111865e-12,0.9864643571937763,1b4f80c4797737d3ad26a3d8692cc8711a4cabbfac4219282f079dc6cfd38bc1,50e5226c0a89bd8b44981d26e5022afd7ccaa388b3ccca8a181257fd1cc5c996,results/stage2/direct-unvalidated/pythia-grid-20260826T145530Z/pythia-14m__initialization/batch-summaries.jsonl,64,pythia-14m,initialization,Pythia-14M,初始化,Pythia-14M · 初始化,U-2,-4.94745435506755e-09,3.3707431230850265e-13,0.20427117074901732,2.4251579136622556e-07,14067712,pythia-14m__initialization/batch-summaries.jsonl,-11.80547070854,6.5,1.5503468782024226e-12,1.0094862604076167,0.004100412363598105,1.1181656964995599,-11.805470708540394
256,pythia-14m:initialization,5.439013244342748e-08,u_m32,1.5635452157443421e-12,0.9864756163269949,1b4f80c4797737d3ad26a3d8692cc8711a4cabbfac4219282f079dc6cfd38bc1,f15d08a4bd53f8b35844ad9611d29d07ebcb4b44f1b1ca193f5810e3b5921e7a,results/stage2/direct-unvalidated/pythia-grid-20260826T145530Z/pythia-14m__initialization/batch-summaries.jsonl,64,pythia-14m,initialization,Pythia-14M,初始化,Pythia-14M · 初始化,U-32,-4.902131528223385e-09,3.3828909532666314e-13,0.19879451612316204,2.425532817046952e-07,14067712,pythia-14m__initialization/batch-summaries.jsonl,-11.805889554994,3.0,1.5503468782024226e-12,1.0085131513001933,0.0036815659100768367,1.1170878242535,-11.805889554993914
256,pythia-14m:initialization,5.438775720830298e-08,u_m4,1.5628898776254623e-12,0.9864811786912039,1b4f80c4797737d3ad26a3d8692cc8711a4cabbfac4219282f079dc6cfd38bc1,90bdf09d18b21999f400ba7bffd129f9bc69949f21471f69942473c1567b247b,results/stage2/direct-unvalidated/pythia-grid-20260826T145530Z/pythia-14m__initialization/batch-summaries.jsonl,64,pythia-14m,initialization,Pythia-14M,初始化,Pythia-14M · 初始化,U-4,-4.91028707945257e-09,3.378190248662749e-13,0.2012536224796186,2.4254709721407213e-07,14067712,pythia-14m__initialization/batch-summaries.jsonl,-11.806071621613,2.0,1.5503468782024226e-12,1.0080904471117993,0.003499499291401668,1.116619612508807,-11.80607162161259
256,pythia-14m:initialization,5.439064934835153e-08,u_m8,1.5638018348643305e-12,0.9864728480951942,1b4f80c4797737d3ad26a3d8692cc8711a4cabbfac4219282f079dc6cfd38bc1,27b736c45e60cdbfb78ab949aa9a9a9e26ac160fea138db6da5f433ee3770008,results/stage2/direct-unvalidated/pythia-grid-20260826T145530Z/pythia-14m__initialization/batch-summaries.jsonl,64,pythia-14m,initialization,Pythia-14M,初始化,Pythia-14M · 初始化,U-8,-4.909892440454761e-09,3.3785906110631437e-13,0.19989583238553646,2.425465101974954e-07,14067712,pythia-14m__initialization/batch-summaries.jsonl,-11.805818281633,4.0,1.5503468782024226e-12,1.0086786749798267,0.0037528392713049754,1.1172711679083702,-11.805818281632687
32,pythia-14m:mid_late,1.883525066135974e-07,double,9.494115530858665e-11,0.8173245304620559,731e06e33801b52daefd02cb830f299352b94aa59dff45f430608f235c576052,fb8210bc45aa6d821315aa9ae11e6fadebb8fbddfd42864c7085be5efe8f1050,results/stage2/direct-unvalidated/pythia-grid-20260826T145530Z/pythia-14m__mid_late/batch-summaries.jsonl,64,pythia-14m,mid_late,Pythia-14M,中后期,Pythia-14M · 中后期,Double,1.7708455714301665e-08,3.136910488306945e-10,0.3383379614254258,1.9177833359867627e-07,14067712,pythia-14m__mid_late/batch-summaries.jsonl,-10.022545487795,5.5,1.733760432998358e-10,0.5476025032154864,-0.2615345752747386,1.0326741454672148,-10.022545487794705
32,pythia-14m:mid_late,2.900944236107918e-07,raw,1.733760432998358e-10,0.7328361069687089,731e06e33801b52daefd02cb830f299352b94aa59dff45f430608f235c576052,9917594f5b4f6b5b45c80bedd3bdb76f2ab142dd99fb2b47a16c71a7ef4ce0d1,results/stage2/direct-unvalidated/pythia-grid-20260826T145530Z/pythia-14m__mid_late/batch-summaries.jsonl,64,pythia-14m,mid_late,Pythia-14M,中后期,Pythia-14M · 中后期,Raw,2.1339408377907485e-07,2.3542423526536005e-10,0.0,3.6928786948508867e-07,14067712,pythia-14m__mid_late/batch-summaries.jsonl,-9.76101091252,7.0,1.733760432998358e-10,1.0,0.0,1.8858097605533561,-9.761010912519966
32,pythia-14m:mid_late,1.8543071264502546e-07,u_m16,9.19371863092711e-11,0.8232076844277126,731e06e33801b52daefd02cb830f299352b94aa59dff45f430608f235c576052,39881ca0c3769082300cdbc7c143383eee1448ec9e7343019570dd9e05e17083,results/stage2/direct-unvalidated/pythia-grid-20260826T145530Z/pythia-14m__mid_late/batch-summaries.jsonl,64,pythia-14m,mid_late,Pythia-14M,中后期,Pythia-14M · 中后期,U-16,2.0385831470669935e-08,2.3138919198408185e-10,0.3601299202030863,1.8719878228597003e-07,14067712,pythia-14m__mid_late/batch-summaries.jsonl,-10.036508791744,1.0,1.733760432998358e-10,0.530276182103633,-0.27549787922362945,1.0,-10.036508791743595
32,pythia-14m:mid_late,1.883525066135974e-07,u_m2,9.494115530858663e-11,0.8173245304620558,731e06e33801b52daefd02cb830f299352b94aa59dff45f430608f235c576052,19cfb8e278851e3fa90bf54fd7bbc19793d5d6c10949d7c9ecdb4293cb2bf622,results/stage2/direct-unvalidated/pythia-grid-20260826T145530Z/pythia-14m__mid_late/batch-summaries.jsonl,64,pythia-14m,mid_late,Pythia-14M,中后期,Pythia-14M · 中后期,U-2,1.7708455714301662e-08,3.136910488306945e-10,0.3383379614254258,1.9177833359867627e-07,14067712,pythia-14m__mid_late/batch-summaries.jsonl,-10.022545487795,5.5,1.733760432998358e-10,0.5476025032154863,-0.2615345752747387,1.0326741454672146,-10.022545487794705
32,pythia-14m:mid_late,1.8572676626701375e-07,u_m32,9.293185139408907e-11,0.8213515775430609,731e06e33801b52daefd02cb830f299352b94aa59dff45f430608f235c576052,0d76a648d10126b2536894691a505289c710a5fd22da2678d83f939430243657,results/stage2/direct-unvalidated/pythia-grid-20260826T145530Z/pythia-14m__mid_late/batch-summaries.jsonl,64,pythia-14m,mid_late,Pythia-14M,中后期,Pythia-14M · 中后期,U-32,2.0699387385112125e-08,2.2697319057590738e-10,0.361355492634481,1.8743797478645717e-07,14067712,pythia-14m__mid_late/batch-summaries.jsonl,-10.031835410722,4.0,1.733760432998358e-10,0.5360132208887309,-0.27082449820236015,1.0108189637376108,-10.031835410722326
32,pythia-14m:mid_late,1.858415553845223e-07,u_m4,9.214688848517284e-11,0.8223868946353363,731e06e33801b52daefd02cb830f299352b94aa59dff45f430608f235c576052,4b7216e1840a73ccf3a2fe86c132ec3c6b95ec8b2dc8b386e9b5b1e5b6d107df,results/stage2/direct-unvalidated/pythia-grid-20260826T145530Z/pythia-14m__mid_late/batch-summaries.jsonl,64,pythia-14m,mid_late,Pythia-14M,中后期,Pythia-14M · 中后期,U-4,1.8780214721208074e-08,2.51860696858483e-10,0.35219678935707527,1.880578313992283e-07,14067712,pythia-14m__mid_late/batch-summaries.jsonl,-10.035519324976,2.0,1.733760432998358e-10,0.5314857043185279,-0.27450841245597124,1.002280928798455,-10.035519324975937
32,pythia-14m:mid_late,1.857821363265062e-07,u_m8,9.25302390097758e-11,0.822085816933915,731e06e33801b52daefd02cb830f299352b94aa59dff45f430608f235c576052,5669e756cd7d48d1cae7b1aff339a94fda2f35baae2e3d88191a698164e46b2f,results/stage2/direct-unvalidated/pythia-grid-20260826T145530Z/pythia-14m__mid_late/batch-summaries.jsonl,64,pythia-14m,mid_late,Pythia-14M,中后期,Pythia-14M · 中后期,U-8,2.0234877605855466e-08,2.3991239869917106e-10,0.357572432532028,1.877174108628669e-07,14067712,pythia-14m__mid_late/batch-summaries.jsonl,-10.033716316029,3.0,1.733760432998358e-10,0.5336967971391203,-0.27270540350891054,1.0064506292210176,-10.033716316028876
64,pythia-14m:mid_late,1.8859194735445467e-07,double,1.0691685359790926e-10,0.7976152212306781,28930e19ecfb7c7a3f9b6474f799bcecaf78b8a3717a4f9331b81809b998a3de,eace0153e6b45d7f6a8c232c45dab066d5eaefc34729ce25cfc218930cb5b957,results/stage2/direct-unvalidated/pythia-grid-20260826T145530Z/pythia-14m__mid_late/batch-summaries.jsonl,64,pythia-14m,mid_late,Pythia-14M,中后期,Pythia-14M · 中后期,Double,2.866461969598964e-08,1.267363014371431e-10,0.3819778937754768,1.907341023340092e-07,14067712,pythia-14m__mid_late/batch-summaries.jsonl,-9.97095383036,4.5,1.4070813990893184e-10,0.7598483902005048,-0.11927305228187184,1.1629337147457122,-9.970953830360433
64,pythia-14m:mid_late,2.3121186787111024e-07,raw,1.4070813990893184e-10,0.7586257366837786,28930e19ecfb7c7a3f9b6474f799bcecaf78b8a3717a4f9331b81809b998a3de,a511d93085bf99acd24b9720bb31fea5d7c269b049cfed18ff6ccd86867461b6,results/stage2/direct-unvalidated/pythia-grid-20260826T145530Z/pythia-14m__mid_late/batch-summaries.jsonl,64,pythia-14m,mid_late,Pythia-14M,中后期,Pythia-14M · 中后期,Raw,1.267441970988076e-07,1.198616564408738e-10,0.0,2.8263798280482146e-07,14067712,pythia-14m__mid_late/batch-summaries.jsonl,-9.851680778079,7.0,1.4070813990893184e-10,1.0,0.0,1.5304812509227577,-9.851680778078562
64,pythia-14m:mid_late,1.873072269707582e-07,u_m16,1.0641275951153849e-10,0.7985329016087054,28930e19ecfb7c7a3f9b6474f799bcecaf78b8a3717a4f9331b81809b998a3de,c7f2c9cc2825e825a0ff75dad61300640f5feae1ac22d8b09054dd49d4cf812a,results/stage2/direct-unvalidated/pythia-grid-20260826T145530Z/pythia-14m__mid_late/batch-summaries.jsonl,64,pythia-14m,mid_late,Pythia-14M,中后期,Pythia-14M · 中后期,U-16,2.7866904670783407e-08,1.1027647889293615e-10,0.4051021232166254,1.880090323276257e-07,14067712,pythia-14m__mid_late/batch-summaries.jsonl,-9.973006294473,2.0,1.4070813990893184e-10,0.756265839207385,-0.12132551639457685,1.1574506876202677,-9.973006294473137
64,pythia-14m:mid_late,1.8859194735445467e-07,u_m2,1.0691685359790926e-10,0.7976152212306782,28930e19ecfb7c7a3f9b6474f799bcecaf78b8a3717a4f9331b81809b998a3de,a398f66103a4397876146f54f56ed19b6094eca6ee343a6c28d7c3df0085829c,results/stage2/direct-unvalidated/pythia-grid-20260826T145530Z/pythia-14m__mid_late/batch-summaries.jsonl,64,pythia-14m,mid_late,Pythia-14M,中后期,Pythia-14M · 中后期,U-2,2.866461969598964e-08,1.267363014371431e-10,0.3819778937754768,1.907341023340092e-07,14067712,pythia-14m__mid_late/batch-summaries.jsonl,-9.97095383036,4.5,1.4070813990893184e-10,0.7598483902005048,-0.11927305228187184,1.1629337147457122,-9.970953830360433
64,pythia-14m:mid_late,1.870062368225734e-07,u_m32,1.0555653007209861e-10,0.7999541166040718,28930e19ecfb7c7a3f9b6474f799bcecaf78b8a3717a4f9331b81809b998a3de,a04f254b5eca12f3411c854e5ccc39484f2f1fefbc8cfca87d5f1b78203a9b40,results/stage2/direct-unvalidated/pythia-grid-20260826T145530Z/pythia-14m__mid_late/batch-summaries.jsonl,64,pythia-14m,mid_late,Pythia-14M,中后期,Pythia-14M · 中后期,U-32,2.7552494372427128e-08,1.094632581502625e-10,0.40632435466407046,1.8759779950847427e-07,14067712,pythia-14m__mid_late/batch-summaries.jsonl,-9.976514894649,1.0,1.4070813990893184e-10,0.7501806941689101,-0.12483411656998822,1.148137487229736,-9.976514894648549
64,pythia-14m:mid_late,1.8797471027258642e-07,u_m4,1.0732998201754677e-10,0.7970683867761763,28930e19ecfb7c7a3f9b6474f799bcecaf78b8a3717a4f9331b81809b998a3de,2d90ba26f5213056b2cb98b9a537c94faf6812f336f2849474361e3d1174412c,results/stage2/direct-unvalidated/pythia-grid-20260826T145530Z/pythia-14m__mid_late/batch-summaries.jsonl,64,pythia-14m,mid_late,Pythia-14M,中后期,Pythia-14M · 中后期,U-4,2.83480966644079e-08,1.1581103564429786e-10,0.39695481397401366,1.8913128691018307e-07,14067712,pythia-14m__mid_late/batch-summaries.jsonl,-9.969278943403,6.0,1.4070813990893184e-10,0.7627844564430469,-0.11759816532423858,1.16742730908139,-9.969278943402799
64,pythia-14m:mid_late,1.8740113053724253e-07,u_m8,1.0685226880738484e-10,0.7977047818839043,28930e19ecfb7c7a3f9b6474f799bcecaf78b8a3717a4f9331b81809b998a3de,b68a56b679670b7ac377e43f6a35335a6b5443a8bc1974cbadfecbffee29d598,results/stage2/direct-unvalidated/pythia-grid-20260826T145530Z/pythia-14m__mid_late/batch-summaries.jsonl,64,pythia-14m,mid_late,Pythia-14M,中后期,Pythia-14M · 中后期,U-8,2.776667193966393e-08,1.1253662539514333e-10,0.4026096070206726,1.882267211436956e-07,14067712,pythia-14m__mid_late/batch-summaries.jsonl,-9.971216251974,3.0,1.4070813990893184e-10,0.7593893919466281,-0.11953547389522233,1.1622312265239476,-9.971216251973782
128,pythia-14m:mid_late,1.847059748221188e-07,double,9.979669664606131e-11,0.8085262256442121,b42a19ab382272acd8a67bb5bf570e10f8613c9ead85ee2faf76e2699fe0b49c,8a4d36e9e0cf3feb5dcae112a6f938ef9146a166fbb5f38f866d69a8fc395ad3,results/stage2/direct-unvalidated/pythia-grid-20260826T145530Z/pythia-14m__mid_late/batch-summaries.jsonl,64,pythia-14m,mid_late,Pythia-14M,中后期,Pythia-14M · 中后期,Double,2.4881685359154744e-08,4.969858426736199e-11,0.42132643886937693,1.8317499393530363e-07,14067712,pythia-14m__mid_late/batch-summaries.jsonl,-10.000883833984,2.5,1.15304907260412e-10,0.8655025966993238,-0.06273162480707863,1.0854878276386586,-10.00088383398448
128,pythia-14m:mid_late,2.025214544020065e-07,raw,1.15304907260412e-10,0.7871625824587155,b42a19ab382272acd8a67bb5bf570e10f8613c9ead85ee2faf76e2699fe0b49c,5c5963a48015a6ddd1422d5f805f02dfd5e35a2a79b50bdaa924209846d2ffeb,results/stage2/direct-unvalidated/pythia-grid-20260826T145530Z/pythia-14m__mid_late/batch-summaries.jsonl,64,pythia-14m,mid_late,Pythia-14M,中后期,Pythia-14M · 中后期,Raw,7.449195158065045e-08,4.72729690231338e-11,0.0,2.3038573728666433e-07,14067712,pythia-14m__mid_late/batch-summaries.jsonl,-9.938152209177,7.0,1.15304907260412e-10,1.0,0.0,1.2541705036799073,-9.938152209177401
128,pythia-14m:mid_late,1.8470186676034362e-07,u_m16,1.0011016955827983e-10,0.807890410624743,b42a19ab382272acd8a67bb5bf570e10f8613c9ead85ee2faf76e2699fe0b49c,72284622fe51c899070fd51b8f37a474784360bedeb1abd8b308e4598cb755b7,results/stage2/direct-unvalidated/pythia-grid-20260826T145530Z/pythia-14m__mid_late/batch-summaries.jsonl,64,pythia-14m,mid_late,Pythia-14M,中后期,Pythia-14M · 中后期,U-16,2.475473584305414e-08,4.496839160643768e-11,0.4376214127784248,1.8233761147802076e-07,14067712,pythia-14m__mid_late/batch-summaries.jsonl,-9.999521803053,5.0,1.15304907260412e-10,0.8682212399875106,-0.06136959387564351,1.0888974698607299,-9.999521803053046
128,pythia-14m:mid_late,1.847059748221188e-07,u_m2,9.979669664606131e-11,0.8085262256442121,b42a19ab382272acd8a67bb5bf570e10f8613c9ead85ee2faf76e2699fe0b49c,3d844deeb068b82d79f429d8ab171852915edd237d413c416a337d9ef74e29d1,results/stage2/direct-unvalidated/pythia-grid-20260826T145530Z/pythia-14m__mid_late/batch-summaries.jsonl,64,pythia-14m,mid_late,Pythia-14M,中后期,Pythia-14M · 中后期,U-2,2.488168535915474e-08,4.969858426736198e-11,0.42132643886937693,1.8317499393530365e-07,14067712,pythia-14m__mid_late/batch-summaries.jsonl,-10.000883833984,2.5,1.15304907260412e-10,0.8655025966993238,-0.06273162480707863,1.0854878276386586,-10.00088383398448
128,pythia-14m:mid_late,1.8470951234301816e-07,u_m32,1.0020970667811924e-10,0.8077010477567934,b42a19ab382272acd8a67bb5bf570e10f8613c9ead85ee2faf76e2699fe0b49c,ac01b2486a2123758796e921d46327db06378e0d555537d7667fecd2275f78cd,results/stage2/direct-unvalidated/pythia-grid-20260826T145530Z/pythia-14m__mid_late/batch-summaries.jsonl,64,pythia-14m,mid_late,Pythia-14M,中后期,Pythia-14M · 中后期,U-32,2.4723952449536265e-08,4.470494730863714e-11,0.438663160007825,1.8227527404109833e-07,14067712,pythia-14m__mid_late/batch-summaries.jsonl,-9.999090209082,6.0,1.15304907260412e-10,0.8690844913634005,-0.060937999904434256,1.0899801342736322,-9.999090209081835
128,pythia-14m:mid_late,1.8450151304017686e-07,u_m4,9.961925166434144e-11,0.8087185402862392,b42a19ab382272acd8a67bb5bf570e10f8613c9ead85ee2faf76e2699fe0b49c,17cea98f6b682186a4b29218066575031fbe14f8bcf18f1ba7fe00a010c89d2a,results/stage2/direct-unvalidated/pythia-grid-20260826T145530Z/pythia-14m__mid_late/batch-summaries.jsonl,64,pythia-14m,mid_late,Pythia-14M,中后期,Pythia-14M · 中后期,U-4,2.4493285771619216e-08,4.6741001278921155e-11,0.4322612660822172,1.824068622761737e-07,14067712,pythia-14m__mid_late/batch-summaries.jsonl,-10.001656724993,1.0,1.15304907260412e-10,0.8639636770996652,-0.0635045158159928,1.0835577600692319,-10.001656724993394
128,pythia-14m:mid_late,1.8468638421600238e-07,u_m8,9.998784319502283e-11,0.80811625259772,b42a19ab382272acd8a67bb5bf570e10f8613c9ead85ee2faf76e2699fe0b49c,a759c3267fd4b447acffd9aec63eb7154c2bcd7bb6945b956c0bf9bbde51f284,results/stage2/direct-unvalidated/pythia-grid-20260826T145530Z/pythia-14m__mid_late/batch-summaries.jsonl,64,pythia-14m,mid_late,Pythia-14M,中后期,Pythia-14M · 中后期,U-8,2.4787970174216248e-08,4.546653169058079e-11,0.43620419582089826,1.8249534012037207e-07,14067712,pythia-14m__mid_late/batch-summaries.jsonl,-10.000052799543,4.0,1.15304907260412e-10,0.8671603453025973,-0.0619005903652235,1.0875669270394008,-10.000052799542626
256,pythia-14m:mid_late,1.843157663319826e-07,double,9.758899756351912e-11,0.8144312111196212,f9751df9c5a2b2b9f7211f4dbf1b545ba897f5bdf22f1ca74bbf8c6dd0649de0,537f3efe8deaccca15026edbc24acc6067137e59ead42e951178612ea298993c,results/stage2/direct-unvalidated/pythia-grid-20260826T145530Z/pythia-14m__mid_late/batch-summaries.jsonl,64,pythia-14m,mid_late,Pythia-14M,中后期,Pythia-14M · 中后期,Double,2.585373799484329e-08,2.3211167090685915e-11,0.43157508484677537,1.8251513151925398e-07,14067712,pythia-14m__mid_late/batch-summaries.jsonl,-10.010599143059,1.5,1.0441995463978437e-10,0.9345818804477566,-0.029382643275151995,1.0614747033396876,-10.010599143058716
256,pythia-14m:mid_late,1.916563187514874e-07,raw,1.0441995463978437e-10,0.8049071336110273,f9751df9c5a2b2b9f7211f4dbf1b545ba897f5bdf22f1ca74bbf8c6dd0649de0,cbdbf03ba1092412e39a8cfac8c44cd76fb43b7312e99bba63e6069c0c6a5e73,results/stage2/direct-unvalidated/pythia-grid-20260826T145530Z/pythia-14m__mid_late/batch-summaries.jsonl,64,pythia-14m,mid_late,Pythia-14M,中后期,Pythia-14M · 中后期,Raw,5.0225215207867835e-08,2.2057536460064866e-11,0.0,2.061190009138817e-07,14067712,pythia-14m__mid_late/batch-summaries.jsonl,-9.981216499784,7.0,1.0441995463978437e-10,1.0,0.0,1.1357749658394156,-9.981216499783564
256,pythia-14m:mid_late,1.8427715963752864e-07,u_m16,9.789283633179573e-11,0.8138663989557243,f9751df9c5a2b2b9f7211f4dbf1b545ba897f5bdf22f1ca74bbf8c6dd0649de0,811a128e7d8057f1c6cb3dc35550f04fa9019e3099d9c544fd4e51f7cd24184f,results/stage2/direct-unvalidated/pythia-grid-20260826T145530Z/pythia-14m__mid_late/batch-summaries.jsonl,64,pythia-14m,mid_late,Pythia-14M,中后期,Pythia-14M · 中后期,U-16,2.5886792378220125e-08,2.2201074976502318e-11,0.4371083940302446,1.822806344094827e-07,14067712,pythia-14m__mid_late/batch-summaries.jsonl,-10.009249088129,4.0,1.0441995463978437e-10,0.9374916573129617,-0.02803258834591414,1.0647795550593662,-10.00924908812948
256,pythia-14m:mid_late,1.843157663319826e-07,u_m2,9.758899756351912e-11,0.8144312111196212,f9751df9c5a2b2b9f7211f4dbf1b545ba897f5bdf22f1ca74bbf8c6dd0649de0,5912b47545257e7557145f434fd8f7c778b8e2e8be589b37fac13895bd8c9f8e,results/stage2/direct-unvalidated/pythia-grid-20260826T145530Z/pythia-14m__mid_late/batch-summaries.jsonl,64,pythia-14m,mid_late,Pythia-14M,中后期,Pythia-14M · 中后期,U-2,2.5853737994843293e-08,2.321116709068592e-11,0.43157508484677537,1.8251513151925395e-07,14067712,pythia-14m__mid_late/batch-summaries.jsonl,-10.010599143059,1.5,1.0441995463978437e-10,0.9345818804477566,-0.029382643275151995,1.0614747033396876,-10.010599143058716
256,pythia-14m:mid_late,1.8426786079479686e-07,u_m32,9.779962582133825e-11,0.8140342532879852,f9751df9c5a2b2b9f7211f4dbf1b545ba897f5bdf22f1ca74bbf8c6dd0649de0,5c79d2379a73d8c8ab8d3a6a7d330f6dbac36a4bd5e198f53ba3afcdcaea5a3c,results/stage2/direct-unvalidated/pythia-grid-20260826T145530Z/pythia-14m__mid_late/batch-summaries.jsonl,64,pythia-14m,mid_late,Pythia-14M,中后期,Pythia-14M · 中后期,U-32,2.5866184994153713e-08,2.21415221154911e-11,0.43725539732402824,1.82253167009377e-07,14067712,pythia-14m__mid_late/batch-summaries.jsonl,-10.009662806808,3.0,1.0441995463978437e-10,0.9365990069495419,-0.028446307024324127,1.0637657051233465,-10.009662806807889
256,pythia-14m:mid_late,1.8430820577817122e-07,u_m4,9.802508831089652e-11,0.8136573400882651,f9751df9c5a2b2b9f7211f4dbf1b545ba897f5bdf22f1ca74bbf8c6dd0649de0,653850a4c99f28320084f58c84e3c4fb5503edc3b7678d33a9c33de49bb589e4,results/stage2/direct-unvalidated/pythia-grid-20260826T145530Z/pythia-14m__mid_late/batch-summaries.jsonl,64,pythia-14m,mid_late,Pythia-14M,中后期,Pythia-14M · 中后期,U-4,2.588783757263069e-08,2.250555559721024e-11,0.4352105729773257,1.8240632053572308e-07,14067712,pythia-14m__mid_late/batch-summaries.jsonl,-10.008662757771,5.0,1.0441995463978437e-10,0.9387581966402102,-0.027446257987697825,1.0662180587205061,-10.008662757771262
256,pythia-14m:mid_late,1.8432335680400494e-07,u_m8,9.804570726976999e-11,0.8136056737697187,f9751df9c5a2b2b9f7211f4dbf1b545ba897f5bdf22f1ca74bbf8c6dd0649de0,a632084524e7d778de7b5003cc1a537dbc6a359ab14240a97f350c428ff19564,results/stage2/direct-unvalidated/pythia-grid-20260826T145530Z/pythia-14m__mid_late/batch-summaries.jsonl,64,pythia-14m,mid_late,Pythia-14M,中后期,Pythia-14M · 中后期,U-8,2.5909295470324863e-08,2.226231620064516e-11,0.43640166929775076,1.8235028521681935e-07,14067712,pythia-14m__mid_late/batch-summaries.jsonl,-10.008571416273,6.0,1.0441995463978437e-10,0.9389556585041288,-0.027354916489665697,1.0664423309622528,-10.00857141627323
32,pythia-31m-deduped:initialization,4.850163479267476e-08,double,3.993292838795716e-13,0.9929129972343022,257256f605df6d3ebb892369e8ace1a53a08599620aa88c1e59c78e104afe8da,c6685303053095cb673c170c7a95b4770715e8f69f34dd0a2238ff37b9650ca2,results/stage2/direct-unvalidated/pythia-grid-20260826T145530Z/pythia-31m-deduped__initialization/batch-summaries.jsonl,64,pythia-31m-deduped,initialization,Pythia-31M,初始化,Pythia-31M · 初始化,Double,1.6910924700759093e-08,1.5269794009377424e-12,0.1552653049445937,2.2978559328761768e-07,30494720,pythia-31m-deduped__initialization/batch-summaries.jsonl,-12.398668840667,5.5,4.5089914987444645e-13,0.8856288240746638,-0.05274825715546302,1.0020627902318346,-12.398668840667222
32,pythia-31m-deduped:initialization,5.502145072516906e-08,raw,4.5089914987444645e-13,0.9929464613985274,257256f605df6d3ebb892369e8ace1a53a08599620aa88c1e59c78e104afe8da,4d28a6d41091a2843053816e46a8d2113ad401654a99ee79ff3f77e2c73669e6,results/stage2/direct-unvalidated/pythia-grid-20260826T145530Z/pythia-31m-deduped__initialization/batch-summaries.jsonl,64,pythia-31m-deduped,initialization,Pythia-31M,初始化,Pythia-31M · 初始化,Raw,3.2675066302089074e-08,1.5857117174523789e-12,0.0,2.452301758809912e-07,30494720,pythia-31m-deduped__initialization/batch-summaries.jsonl,-12.345920583512,7.0,4.5089914987444645e-13,1.0,0.0,1.1314703891653766,-12.34592058351176
32,pythia-31m-deduped:initialization,4.8391314790272456e-08,u_m16,3.9883332709366186e-13,0.9929617643093774,257256f605df6d3ebb892369e8ace1a53a08599620aa88c1e59c78e104afe8da,1b631e1f423ec67a127456bb0bb9ff023ee1845ac7f89f5e7256d87f8572ecda,results/stage2/direct-unvalidated/pythia-grid-20260826T145530Z/pythia-31m-deduped__initialization/batch-summaries.jsonl,64,pythia-31m-deduped,initialization,Pythia-31M,初始化,Pythia-31M · 初始化,U-16,1.6949686114883934e-08,1.5120270235013374e-12,0.1673476916659671,2.2972285028587265e-07,30494720,pythia-31m-deduped__initialization/batch-summaries.jsonl,-12.399208558565,3.0,4.5089914987444645e-13,0.8845288956626279,-0.053287975052901546,1.0008182538034143,-12.399208558564661
32,pythia-31m-deduped:initialization,4.850163479267476e-08,u_m2,3.993292838795716e-13,0.9929129972343022,257256f605df6d3ebb892369e8ace1a53a08599620aa88c1e59c78e104afe8da,c89277c8b57e459b1f161f92fad62513f35fae73772c238d0c8556ea15d6851b,results/stage2/direct-unvalidated/pythia-grid-20260826T145530Z/pythia-31m-deduped__initialization/batch-summaries.jsonl,64,pythia-31m-deduped,initialization,Pythia-31M,初始化,Pythia-31M · 初始化,U-2,1.6910924700759096e-08,1.5269794009377422e-12,0.1552653049445937,2.2978559328761768e-07,30494720,pythia-31m-deduped__initialization/batch-summaries.jsonl,-12.398668840667,5.5,4.5089914987444645e-13,0.8856288240746638,-0.05274825715546302,1.0020627902318346,-12.398668840667222
32,pythia-31m-deduped:initialization,4.838279279420091e-08,u_m32,3.9862931663324007e-13,0.9929771089686885,257256f605df6d3ebb892369e8ace1a53a08599620aa88c1e59c78e104afe8da,6019dce216868a46747b03c792feb9ecf2ff7ba4131d73678e6266c5a8d63bf1,results/stage2/direct-unvalidated/pythia-grid-20260826T145530Z/pythia-31m-deduped__initialization/batch-summaries.jsonl,64,pythia-31m-deduped,initialization,Pythia-31M,初始化,Pythia-31M · 初始化,U-32,1.695793555050041e-08,1.510501772827093e-12,0.16806965271365013,2.2972874708699345e-07,30494720,pythia-31m-deduped__initialization/batch-summaries.jsonl,-12.399430764883,2.0,4.5089914987444645e-13,0.8840764431342109,-0.053510181371508564,1.0003063171650075,-12.399430764883268
32,pythia-31m-deduped:initialization,4.8398240548936574e-08,u_m4,3.991900948245058e-13,0.9928950263100957,257256f605df6d3ebb892369e8ace1a53a08599620aa88c1e59c78e104afe8da,43e695c7a6c29b488236a20a9e2bbac3355ec6a5cca389e5db32c117648c553b,results/stage2/direct-unvalidated/pythia-grid-20260826T145530Z/pythia-31m-deduped__initialization/batch-summaries.jsonl,64,pythia-31m-deduped,initialization,Pythia-31M,初始化,Pythia-31M · 初始化,U-4,1.6730940628892853e-08,1.5073841727927127e-12,0.1629013809603761,2.2954607490902534e-07,30494720,pythia-31m-deduped__initialization/batch-summaries.jsonl,-12.398820243478,4.0,4.5089914987444645e-13,0.8853201318646551,-0.05289965996616682,1.0017135141368436,-12.398820243477926
32,pythia-31m-deduped:initialization,4.8374583402434867e-08,u_m8,3.9850724702309705e-13,0.9929509688543119,257256f605df6d3ebb892369e8ace1a53a08599620aa88c1e59c78e104afe8da,8f1f3ac5cfb8601b7bcbe10ce1a2a594f67b501ab35e1df1f9a792cc64602ecb,results/stage2/direct-unvalidated/pythia-grid-20260826T145530Z/pythia-31m-deduped__initialization/batch-summaries.jsonl,64,pythia-31m-deduped,initialization,Pythia-31M,初始化,Pythia-31M · 初始化,U-8,1.6858450733943933e-08,1.5137325624682538e-12,0.16598194703870048,2.2964312561636398e-07,30494720,pythia-31m-deduped__initialization/batch-summaries.jsonl,-12.399563776367,1.0,4.5089914987444645e-13,0.8838057182721724,-0.05364319285517313,1.0,-12.399563776366932
64,pythia-31m-deduped:initialization,5.37885804344582e-08,double,6.105791149647287e-13,0.9934912959095825,d4a0af5203ba10a8ad3bb0c61b31cc72715c3d9d76f3fb155fe3425890cbcb51,291b2036a0f8bde999a51f618daee91867c221645b7297cb90f6869c2b613b6b,results/stage2/direct-unvalidated/pythia-grid-20260826T145530Z/pythia-31m-deduped__initialization/batch-summaries.jsonl,64,pythia-31m-deduped,initialization,Pythia-31M,初始化,Pythia-31M · 初始化,Double,2.8650408209612474e-08,1.0260883601487956e-12,0.17372981289875758,2.413079884951672e-07,30494720,pythia-31m-deduped__initialization/batch-summaries.jsonl,-12.214258054952,5.5,6.661518796383949e-13,0.9165764349357799,-0.03783131260390409,1.5321656494978126,-12.214258054951697
64,pythia-31m-deduped:initialization,5.732542983579069e-08,raw,6.661518796383949e-13,0.9934683130894535,d4a0af5203ba10a8ad3bb0c61b31cc72715c3d9d76f3fb155fe3425890cbcb51,6a1100c1eb5c670afc11318357a15529ab99c345dfd16bf030a2fab988321910,results/stage2/direct-unvalidated/pythia-grid-20260826T145530Z/pythia-31m-deduped__initialization/batch-summaries.jsonl,64,pythia-31m-deduped,initialization,Pythia-31M,初始化,Pythia-31M · 初始化,Raw,3.659196005220582e-08,1.0525412272367933e-12,0.0,2.4914706963110793e-07,30494720,pythia-31m-deduped__initialization/batch-summaries.jsonl,-12.176426742348,7.0,6.661518796383949e-13,1.0,0.0,1.6716179808890288,-12.176426742347793
64,pythia-31m-deduped:initialization,5.37697848458857e-08,u_m16,6.087425442753847e-13,0.9934977800441088,d4a0af5203ba10a8ad3bb0c61b31cc72715c3d9d76f3fb155fe3425890cbcb51,308ee110e16e05ef6f49c2b0d02eb728629bce97c1d5fdbb2d7d9cf981baf4e1,results/stage2/direct-unvalidated/pythia-grid-20260826T145530Z/pythia-31m-deduped__initialization/batch-summaries.jsonl,64,pythia-31m-deduped,initialization,Pythia-31M,初始化,Pythia-31M · 初始化,U-16,2.8655214189886618e-08,1.0103101398834751e-12,0.18706343262046676,2.412712053907696e-07,30494720,pythia-31m-deduped__initialization/batch-summaries.jsonl,-12.215566344874,3.0,6.661518796383949e-13,0.9138194500116498,-0.03913960252584103,1.5275570239255967,-12.215566344873634
64,pythia-31m-deduped:initialization,5.37885804344582e-08,u_m2,6.105791149647288e-13,0.9934912959095825,d4a0af5203ba10a8ad3bb0c61b31cc72715c3d9d76f3fb155fe3425890cbcb51,7c6cb4114f0490056b6ddbaccd0c18a7f20f12b36698879ab171f7c079372868,results/stage2/direct-unvalidated/pythia-grid-20260826T145530Z/pythia-31m-deduped__initialization/batch-summaries.jsonl,64,pythia-31m-deduped,initialization,Pythia-31M,初始化,Pythia-31M · 初始化,U-2,2.8650408209612474e-08,1.0260883601487954e-12,0.17372981289875758,2.413079884951672e-07,30494720,pythia-31m-deduped__initialization/batch-summaries.jsonl,-12.214258054952,5.5,6.661518796383949e-13,0.91657643493578,-0.037831312603904044,1.5321656494978129,-12.214258054951697
64,pythia-31m-deduped:initialization,5.376639475745236e-08,u_m32,6.088734425603668e-13,0.9935027472092286,d4a0af5203ba10a8ad3bb0c61b31cc72715c3d9d76f3fb155fe3425890cbcb51,9c207e72c454e1dc52c20160e815a7046281dd52d9edde011646b6a9d0d88668,results/stage2/direct-unvalidated/pythia-grid-20260826T145530Z/pythia-31m-deduped__initialization/batch-summaries.jsonl,64,pythia-31m-deduped,initialization,Pythia-31M,初始化,Pythia-31M · 初始化,U-32,2.865294711958386e-08,1.0119756853255484e-12,0.18760339494837142,2.4126788132647125e-07,30494720,pythia-31m-deduped__initialization/batch-summaries.jsonl,-12.215472968302,4.0,6.661518796383949e-13,0.9140159491719511,-0.039046225954422906,1.527885495455186,-12.215472968302215
64,pythia-31m-deduped:initialization,5.371346385378407e-08,u_m4,6.073903973248133e-13,0.993488789436134,d4a0af5203ba10a8ad3bb0c61b31cc72715c3d9d76f3fb155fe3425890cbcb51,e771e1d96b401126dd30d79d895fb05143df99268366061db40eda2ab3b14eec,results/stage2/direct-unvalidated/pythia-grid-20260826T145530Z/pythia-31m-deduped__initialization/batch-summaries.jsonl,64,pythia-31m-deduped,initialization,Pythia-31M,初始化,Pythia-31M · 初始化,U-4,2.8507050883105253e-08,1.0130636080679752e-12,0.1826871012424446,2.4114066217027455e-07,30494720,pythia-31m-deduped__initialization/batch-summaries.jsonl,-12.21653207844,2.0,6.661518796383949e-13,0.9117896622231572,-0.04010533609204007,1.5241639941609635,-12.216532078439833
64,pythia-31m-deduped:initialization,5.372100014210787e-08,u_m8,6.071940588781077e-13,0.9934933189156488,d4a0af5203ba10a8ad3bb0c61b31cc72715c3d9d76f3fb155fe3425890cbcb51,0474d5db6a9db863ebb422d7000adb032aa9a6652049032b89e6686d8f490d11,results/stage2/direct-unvalidated/pythia-grid-20260826T145530Z/pythia-31m-deduped__initialization/batch-summaries.jsonl,64,pythia-31m-deduped,initialization,Pythia-31M,初始化,Pythia-31M · 初始化,U-8,2.854878032126088e-08,1.0090493736270715e-12,0.18601869438381466,2.4117283406949846e-07,30494720,pythia-31m-deduped__initialization/batch-summaries.jsonl,-12.216672486469,1.0,6.661518796383949e-13,0.9114949269642666,-0.040245744120970414,1.5236713094026,-12.216672486468763
128,pythia-31m-deduped:initialization,5.105742791860865e-08,double,4.919154529050793e-13,0.9935026944890122,2389a384d1e9048086076ef4e50c80a67a81159b974a3b9292becccacbe3a2bd,a91b7cb44cf1557d4ae47ec88e2a547d69a0d971d232daf223c05bcbd8fada97,results/stage2/direct-unvalidated/pythia-grid-20260826T145530Z/pythia-31m-deduped__initialization/batch-summaries.jsonl,64,pythia-31m-deduped,initialization,Pythia-31M,初始化,Pythia-31M · 初始化,Double,2.4306800620252296e-08,4.703330218291404e-13,0.19392927693712225,2.369101984904637e-07,30494720,pythia-31m-deduped__initialization/batch-summaries.jsonl,-12.308109534412,1.5,5.132920836843652e-13,0.958353866231783,-0.018474100759440067,1.2343952502238145,-12.30810953441161
128,pythia-31m-deduped:initialization,5.269582373230525e-08,raw,5.132920836843652e-13,0.9934984486553697,2389a384d1e9048086076ef4e50c80a67a81159b974a3b9292becccacbe3a2bd,91f70563e49a802ab4540d32c89c58d56addda3878dcc7c3cac484a103b5e027,results/stage2/direct-unvalidated/pythia-grid-20260826T145530Z/pythia-31m-deduped__initialization/batch-summaries.jsonl,64,pythia-31m-deduped,initialization,Pythia-31M,初始化,Pythia-31M · 初始化,Raw,2.855627939979587e-08,4.807214924505183e-13,0.0,2.41111388978698e-07,30494720,pythia-31m-deduped__initialization/batch-summaries.jsonl,-12.289635433652,7.0,5.132920836843652e-13,1.0,0.0,1.2880370119206774,-12.28963543365217
128,pythia-31m-deduped:initialization,5.111823444069067e-08,u_m16,4.931844239651055e-13,0.9934938387097488,2389a384d1e9048086076ef4e50c80a67a81159b974a3b9292becccacbe3a2bd,19a285fea7b55f7db7850869283f2996a3b856fba8762fa811bc45dd918a47ca,results/stage2/direct-unvalidated/pythia-grid-20260826T145530Z/pythia-31m-deduped__initialization/batch-summaries.jsonl,64,pythia-31m-deduped,initialization,Pythia-31M,初始化,Pythia-31M · 初始化,U-16,2.4471511638720806e-08,4.721052663529167e-13,0.19953267319719611,2.3705328729459452e-07,30494720,pythia-31m-deduped__initialization/batch-summaries.jsonl,-12.306990647998,3.0,5.132920836843652e-13,0.9608260864361502,-0.01735521434632721,1.2375795613486575,-12.306990647998498
128,pythia-31m-deduped:initialization,5.105742791860865e-08,u_m2,4.919154529050793e-13,0.9935026944890122,2389a384d1e9048086076ef4e50c80a67a81159b974a3b9292becccacbe3a2bd,a66f4e280da91b5bc5ccf78ca262a669a4ab01def3b2a809db2dac266f693ca4,results/stage2/direct-unvalidated/pythia-grid-20260826T145530Z/pythia-31m-deduped__initialization/batch-summaries.jsonl,64,pythia-31m-deduped,initialization,Pythia-31M,初始化,Pythia-31M · 初始化,U-2,2.4306800620252296e-08,4.703330218291405e-13,0.19392927693712225,2.369101984904637e-07,30494720,pythia-31m-deduped__initialization/batch-summaries.jsonl,-12.308109534412,1.5,5.132920836843652e-13,0.958353866231783,-0.018474100759440067,1.2343952502238145,-12.30810953441161
128,pythia-31m-deduped:initialization,5.112432030046035e-08,u_m32,4.934533515503663e-13,0.9934969004389904,2389a384d1e9048086076ef4e50c80a67a81159b974a3b9292becccacbe3a2bd,b3c00b0c441ce8201012f71caaee15dc32f93cd4d5a0e61eadcb95f9b75cc3f1,results/stage2/direct-unvalidated/pythia-grid-20260826T145530Z/pythia-31m-deduped__initialization/batch-summaries.jsonl,64,pythia-31m-deduped,initialization,Pythia-31M,初始化,Pythia-31M · 初始化,U-32,2.448801393508747e-08,4.719588177275386e-13,0.19972752660132642,2.3706879691188247e-07,30494720,pythia-31m-deduped__initialization/batch-summaries.jsonl,-12.306753896939,5.0,5.132920836843652e-13,0.9613500134434214,-0.017118463287121796,1.2382543987255676,-12.306753896939293
128,pythia-31m-deduped:initialization,5.111376007961999e-08,u_m4,4.937384040094623e-13,0.9935034572767185,2389a384d1e9048086076ef4e50c80a67a81159b974a3b9292becccacbe3a2bd,324064ba3529406da60c4cd616b6e6b54c3385668f84ac896d8b3788c16040e3,results/stage2/direct-unvalidated/pythia-grid-20260826T145530Z/pythia-31m-deduped__initialization/batch-summaries.jsonl,64,pythia-31m-deduped,initialization,Pythia-31M,初始化,Pythia-31M · 初始化,U-4,2.4445183055158723e-08,4.720606784798955e-13,0.19790783453660177,2.37032413242055e-07,30494720,pythia-31m-deduped__initialization/batch-summaries.jsonl,-12.30650309113,6.0,5.132920836843652e-13,0.9619053550669469,-0.016867657478054323,1.2389696992909285,-12.306503091130224
128,pythia-31m-deduped:initialization,5.1116825523512195e-08,u_m8,4.933496237961558e-13,0.9934964125425126,2389a384d1e9048086076ef4e50c80a67a81159b974a3b9292becccacbe3a2bd,feb5216825782ace67963ef0a75e5a09cfdd024a63e8848fe9c407ce20e1b533,results/stage2/direct-unvalidated/pythia-grid-20260826T145530Z/pythia-31m-deduped__initialization/batch-summaries.jsonl,64,pythia-31m-deduped,initialization,Pythia-31M,初始化,Pythia-31M · 初始化,U-8,2.446757420331745e-08,4.711620514880749e-13,0.19881546707102082,2.3705102309910955e-07,30494720,pythia-31m-deduped__initialization/batch-summaries.jsonl,-12.306845198633,4.0,5.132920836843652e-13,0.9611479301510669,-0.01720976498070233,1.2379941079655243,-12.306845198632873
256,pythia-31m-deduped:initialization,5.158156563560255e-08,double,5.061385235981917e-13,0.9932529512116105,4b6cc156e7a7efad995b72acf06aa3825452f97c6bbb59ddc8594bf4abd33ea3,a9413ec884b269dec292850c7b5d63c3921596a3e34a59231aea0d813db6efc0,results/stage2/direct-unvalidated/pythia-grid-20260826T145530Z/pythia-31m-deduped__initialization/batch-summaries.jsonl,64,pythia-31m-deduped,initialization,Pythia-31M,初始化,Pythia-31M · 初始化,Double,2.523326128528791e-08,2.1039740672519894e-13,0.1902166342238919,2.378035890522809e-07,30494720,pythia-31m-deduped__initialization/batch-summaries.jsonl,-12.295730606083,4.5,5.153460242248254e-13,0.9821333624519885,-0.007829535996681423,1.270086121090933,-12.29573060608304
256,pythia-31m-deduped:initialization,5.230203448720595e-08,raw,5.153460242248254e-13,0.9932614662503048,4b6cc156e7a7efad995b72acf06aa3825452f97c6bbb59ddc8594bf4abd33ea3,b405763a334fecdee5787a7b6bdb22a85f949720b79fb4faed5be5c663cdddec,results/stage2/direct-unvalidated/pythia-grid-20260826T145530Z/pythia-31m-deduped__initialization/batch-summaries.jsonl,64,pythia-31m-deduped,initialization,Pythia-31M,初始化,Pythia-31M · 初始化,Raw,2.72342087764866e-08,2.124508119661835e-13,0.0,2.3978931835538873e-07,30494720,pythia-31m-deduped__initialization/batch-summaries.jsonl,-12.287901070086,7.0,5.153460242248254e-13,1.0,0.0,1.2931910977141063,-12.287901070086358
256,pythia-31m-deduped:initialization,5.1561780106704696e-08,u_m16,5.057841426419908e-13,0.9932589506861736,4b6cc156e7a7efad995b72acf06aa3825452f97c6bbb59ddc8594bf4abd33ea3,1cd628735d87b5ceabc08a835afc85485e97148c78e677e420debe2dded50964,results/stage2/direct-unvalidated/pythia-grid-20260826T145530Z/pythia-31m-deduped__initialization/batch-summaries.jsonl,64,pythia-31m-deduped,initialization,Pythia-31M,初始化,Pythia-31M · 初始化,U-16,2.5209447738442567e-08,2.1076375536542013e-13,0.18570716504365348,2.3777372291992865e-07,30494720,pythia-31m-deduped__initialization/batch-summaries.jsonl,-12.29603479079,1.0,5.153460242248254e-13,0.9814457061210138,-0.008133720704062916,1.26919685004543,-12.296034790790422
256,pythia-31m-deduped:initialization,5.158156563560255e-08,u_m2,5.061385235981918e-13,0.9932529512116105,4b6cc156e7a7efad995b72acf06aa3825452f97c6bbb59ddc8594bf4abd33ea3,3c73feb1417d09f3396413f755a939db553838fc3200062386cacf0278729b48,results/stage2/direct-unvalidated/pythia-grid-20260826T145530Z/pythia-31m-deduped__initialization/batch-summaries.jsonl,64,pythia-31m-deduped,initialization,Pythia-31M,初始化,Pythia-31M · 初始化,U-2,2.523326128528791e-08,2.1039740672519914e-13,0.1902166342238919,2.378035890522809e-07,30494720,pythia-31m-deduped__initialization/batch-summaries.jsonl,-12.295730606083,4.5,5.153460242248254e-13,0.9821333624519887,-0.007829535996681325,1.2700861210909333,-12.29573060608304
256,pythia-31m-deduped:initialization,5.156209069256515e-08,u_m32,5.05858735759812e-13,0.9932584688092944,4b6cc156e7a7efad995b72acf06aa3825452f97c6bbb59ddc8594bf4abd33ea3,54f558d7212cc2746074961484541004dd2d3cb207ad579b0786b28dc21f5c80,results/stage2/direct-unvalidated/pythia-grid-20260826T145530Z/pythia-31m-deduped__initialization/batch-summaries.jsonl,64,pythia-31m-deduped,initialization,Pythia-31M,初始化,Pythia-31M · 初始化,U-32,2.5207254512743093e-08,2.1053544416795976e-13,0.18543616731027537,2.377714634142871e-07,30494720,pythia-31m-deduped__initialization/batch-summaries.jsonl,-12.295970745701,2.0,5.153460242248254e-13,0.9815904498743655,-0.008069675614223332,1.2693840313787141,-12.295970745700583
256,pythia-31m-deduped:initialization,5.158207662579777e-08,u_m4,5.062506770244642e-13,0.993259275005343,4b6cc156e7a7efad995b72acf06aa3825452f97c6bbb59ddc8594bf4abd33ea3,4b81099c91493b463823b46ca10c5ab3da836e23c176c1afa0b520f55e96b613,results/stage2/direct-unvalidated/pythia-grid-20260826T145530Z/pythia-31m-deduped__initialization/batch-summaries.jsonl,64,pythia-31m-deduped,initialization,Pythia-31M,初始化,Pythia-31M · 初始化,U-4,2.5248017179095744e-08,2.1026397547482192e-13,0.18732449420752184,2.3781334588591257e-07,30494720,pythia-31m-deduped__initialization/batch-summaries.jsonl,-12.295634382982,6.0,5.153460242248254e-13,0.9823509898731785,-0.007733312895277296,1.2703675549346347,-12.295634382981635
256,pythia-31m-deduped:initialization,5.156739795652717e-08,u_m8,5.058903995313906e-13,0.9932579323412627,4b6cc156e7a7efad995b72acf06aa3825452f97c6bbb59ddc8594bf4abd33ea3,4ba2527668527a4c9e554e7261c0dda311210d09264e626516c767fc2c533b42,results/stage2/direct-unvalidated/pythia-grid-20260826T145530Z/pythia-31m-deduped__initialization/batch-summaries.jsonl,64,pythia-31m-deduped,initialization,Pythia-31M,初始化,Pythia-31M · 初始化,U-8,2.5219082589718303e-08,2.108338529112227e-13,0.18619928302342179,2.3778364362351986e-07,30494720,pythia-31m-deduped__initialization/batch-summaries.jsonl,-12.29594356228,3.0,5.153460242248254e-13,0.9816518916437595,-0.00804249219335815,1.2694634873279222,-12.295943562279717
32,pythia-31m-deduped:early,3.2537998922404516e-08,double,1.0720053888350083e-13,0.8258335081140576,fe1796d8c88ae7d48d6898c89f639c16a2ad1755885f93596a91187adc778d6a,77e84f1da1620c414eac0c07f111e4a3ab70dd6b27a6c1f00c5265874e40a30e,results/stage2/direct-unvalidated/pythia-grid-20260826T145530Z/pythia-31m-deduped__early/batch-summaries.jsonl,64,pythia-31m-deduped,early,Pythia-31M,早期,Pythia-31M · 早期,Double,2.026201594580085e-09,2.7374199143173116e-13,0.3364875624370383,3.129464363054921e-08,30494720,pythia-31m-deduped__early/batch-summaries.jsonl,-12.969803031495,5.5,1.3872618012159783e-13,0.772749158014271,-0.11196145947068159,1.013732250568852,-12.96980303149453
32,pythia-31m-deduped:early,4.967327147092592e-08,raw,1.3872618012159783e-13,0.8090428609640253,fe1796d8c88ae7d48d6898c89f639c16a2ad1755885f93596a91187adc778d6a,515df8871a4975cc3719aaa4eda82df0d3d81e5f8ae7cab360e42588117dfbcc,results/stage2/direct-unvalidated/pythia-grid-20260826T145530Z/pythia-31m-deduped__early/batch-summaries.jsonl,64,pythia-31m-deduped,early,Pythia-31M,早期,Pythia-31M · 早期,Raw,3.680399245387196e-08,2.608154822267377e-13,0.0,6.348122795335611e-08,30494720,pythia-31m-deduped__early/batch-summaries.jsonl,-12.857841572024,7.0,1.3872618012159783e-13,1.0,0.0,1.3118516404130853,-12.85784157202385
32,pythia-31m-deduped:early,3.1977189325260976e-08,u_m16,1.0582558821379524e-13,0.8280327862106258,fe1796d8c88ae7d48d6898c89f639c16a2ad1755885f93596a91187adc778d6a,7849d23340f56e7c507e47e19fc263ab1f234ace1e2b11eb34eb10bf12dba2f9,results/stage2/direct-unvalidated/pythia-grid-20260826T145530Z/pythia-31m-deduped__early/batch-summaries.jsonl,64,pythia-31m-deduped,early,Pythia-31M,早期,Pythia-31M · 早期,U-16,2.007262534174514e-09,2.191362071609253e-13,0.3495075540946105,3.03782912805469e-08,30494720,pythia-31m-deduped__early/batch-summaries.jsonl,-12.975409308894,3.0,1.3872618012159783e-13,0.762837902125149,-0.11756773687030617,1.0007301532721533,-12.975409308894156
32,pythia-31m-deduped:early,3.2537998922404516e-08,u_m2,1.0720053888350082e-13,0.8258335081140575,fe1796d8c88ae7d48d6898c89f639c16a2ad1755885f93596a91187adc778d6a,d2b1ea0483f72a0ce40212ddfcbaec3058f3b222c95c6871d6cb3d0f2fdc6669,results/stage2/direct-unvalidated/pythia-grid-20260826T145530Z/pythia-31m-deduped__early/batch-summaries.jsonl,64,pythia-31m-deduped,early,Pythia-31M,早期,Pythia-31M · 早期,U-2,2.0262015945800856e-09,2.7374199143173116e-13,0.3364875624370383,3.129464363054921e-08,30494720,pythia-31m-deduped__early/batch-summaries.jsonl,-12.969803031495,5.5,1.3872618012159783e-13,0.7727491580142709,-0.11196145947068166,1.013732250568852,-12.96980303149453
32,pythia-31m-deduped:early,3.195946784231053e-08,u_m32,1.0574837569125936e-13,0.8281762988490287,fe1796d8c88ae7d48d6898c89f639c16a2ad1755885f93596a91187adc778d6a,84f0d0697b0459cda3bc6a3516b39c7f721ca24d97fd9b1078d1c6b0cfe16238,results/stage2/direct-unvalidated/pythia-grid-20260826T145530Z/pythia-31m-deduped__early/batch-summaries.jsonl,64,pythia-31m-deduped,early,Pythia-31M,早期,Pythia-31M · 早期,U-32,2.0208068125836067e-09,2.172454574475946e-13,0.35032087522036603,3.035047792835719e-08,30494720,pythia-31m-deduped__early/batch-summaries.jsonl,-12.975726294721,1.0,1.3872618012159783e-13,0.7622813199251043,-0.11788472269730417,1.0,-12.975726294721154
32,pythia-31m-deduped:early,3.2139702576734364e-08,u_m4,1.0660673238042992e-13,0.8265959269802184,fe1796d8c88ae7d48d6898c89f639c16a2ad1755885f93596a91187adc778d6a,341e75cd8347c18ee4ccc7de1876109bb939fe69e1c9019d4088727f590a5646,results/stage2/direct-unvalidated/pythia-grid-20260826T145530Z/pythia-31m-deduped__early/batch-summaries.jsonl,64,pythia-31m-deduped,early,Pythia-31M,早期,Pythia-31M · 早期,U-4,1.9053341563794507e-09,2.354985228335431e-13,0.34497427751427134,3.059822736891994e-08,30494720,pythia-31m-deduped__early/batch-summaries.jsonl,-12.972215368074,4.0,1.3872618012159783e-13,0.7684687366651759,-0.11437379604970176,1.0081169728003823,-12.97221536807355
32,pythia-31m-deduped:early,3.202119576328469e-08,u_m8,1.0579569913493328e-13,0.8280691014543977,fe1796d8c88ae7d48d6898c89f639c16a2ad1755885f93596a91187adc778d6a,91846841947268795240fe43b4ecb9b8a5b8f3223a2ab2547048204bfbfdc273,results/stage2/direct-unvalidated/pythia-grid-20260826T145530Z/pythia-31m-deduped__early/batch-summaries.jsonl,64,pythia-31m-deduped,early,Pythia-31M,早期,Pythia-31M · 早期,U-8,1.985024548780985e-09,2.2331907902548692e-13,0.3480744207521827,3.0442765817148286e-08,30494720,pythia-31m-deduped__early/batch-summaries.jsonl,-12.975531987121,2.0,1.3872618012159783e-13,0.7626224483525752,-0.11769041509675358,1.0004475098871692,-12.975531987120602
64,pythia-31m-deduped:early,3.167500537153559e-08,double,1.0824034174642823e-13,0.8264826445796408,fe882c573be0ea08e9b779bf08775075451e7d6e3b5477c99af80488416b2e1f,dc36b8709f09e70290b936435477443215bc0355fbfaf4accc5c4150931514f3,results/stage2/direct-unvalidated/pythia-grid-20260826T145530Z/pythia-31m-deduped__early/batch-summaries.jsonl,64,pythia-31m-deduped,early,Pythia-31M,早期,Pythia-31M · 早期,Double,2.356513648565072e-09,1.0589737376797992e-13,0.3723558701309604,2.9974885755220004e-08,30494720,pythia-31m-deduped__early/batch-summaries.jsonl,-12.965610845214,5.5,1.1713399876730791e-13,0.9240727959902799,-0.03429381487125486,1.0235650527857219,-12.965610845213522
64,pythia-31m-deduped:early,3.8286988456000445e-08,raw,1.1713399876730791e-13,0.8237074693914971,fe882c573be0ea08e9b779bf08775075451e7d6e3b5477c99af80488416b2e1f,8afada50005ee1b80ebefa836a3b7bd0191e7d6d3333d84db56650f4b9608374,results/stage2/direct-unvalidated/pythia-grid-20260826T145530Z/pythia-31m-deduped__early/batch-summaries.jsonl,64,pythia-31m-deduped,early,Pythia-31M,早期,Pythia-31M · 早期,Raw,1.9352931682339338e-08,9.943471926293724e-14,0.0,4.603016718182349e-08,30494720,pythia-31m-deduped__early/batch-summaries.jsonl,-12.931317030342,7.0,1.1713399876730791e-13,1.0,0.0,1.1076671201956783,-12.931317030342267
64,pythia-31m-deduped:early,3.1516839009518495e-08,u_m16,1.0803597888148141e-13,0.8266957500982417,fe882c573be0ea08e9b779bf08775075451e7d6e3b5477c99af80488416b2e1f,4e320eef799a4b7a3d666b98ab9c160c1c79a02ba4730783b82c2eb6064e6631,results/stage2/direct-unvalidated/pythia-grid-20260826T145530Z/pythia-31m-deduped__early/batch-summaries.jsonl,64,pythia-31m-deduped,early,Pythia-31M,早期,Pythia-31M · 早期,U-16,2.3370447375683976e-09,9.34255994908458e-14,0.3873527613960712,2.961796127089785e-08,30494720,pythia-31m-deduped__early/batch-summaries.jsonl,-12.966431588702,4.0,1.1713399876730791e-13,0.9223281030138812,-0.035114558360044616,1.0216325137409286,-12.966431588702312
64,pythia-31m-deduped:early,3.167500537153559e-08,u_m2,1.082403417464282e-13,0.8264826445796408,fe882c573be0ea08e9b779bf08775075451e7d6e3b5477c99af80488416b2e1f,4110c30de02dbe01fca810866e857130e6b1c0143b9fdf99084ac678d4b17e98,results/stage2/direct-unvalidated/pythia-grid-20260826T145530Z/pythia-31m-deduped__early/batch-summaries.jsonl,64,pythia-31m-deduped,early,Pythia-31M,早期,Pythia-31M · 早期,U-2,2.356513648565072e-09,1.0589737376797993e-13,0.3723558701309604,2.9974885755220004e-08,30494720,pythia-31m-deduped__early/batch-summaries.jsonl,-12.965610845214,5.5,1.1713399876730791e-13,0.9240727959902797,-0.03429381487125496,1.0235650527857216,-12.965610845213522
64,pythia-31m-deduped:early,3.150522113274747e-08,u_m32,1.0798567472608387e-13,0.8267389298712107,fe882c573be0ea08e9b779bf08775075451e7d6e3b5477c99af80488416b2e1f,4e32842cd04cd3197a5cf8d802f86e774d18d48b10d504c5b36f09c3945d404a,results/stage2/direct-unvalidated/pythia-grid-20260826T145530Z/pythia-31m-deduped__early/batch-summaries.jsonl,64,pythia-31m-deduped,early,Pythia-31M,早期,Pythia-31M · 早期,U-32,2.3183455255571506e-09,9.292050066396968e-14,0.38811577873153125,2.958987721960755e-08,30494720,pythia-31m-deduped__early/batch-summaries.jsonl,-12.966633853773,2.0,1.1713399876730791e-13,0.9218986448213246,-0.03531682343056888,1.021156817021535,-12.966633853772835
64,pythia-31m-deduped:early,3.155503325704915e-08,u_m4,1.0801014607891696e-13,0.8267539862394735,fe882c573be0ea08e9b779bf08775075451e7d6e3b5477c99af80488416b2e1f,d45186251938bef8ca589f275dffb4313c835ef4387c9864bc1b92994a4b436a,results/stage2/direct-unvalidated/pythia-grid-20260826T145530Z/pythia-31m-deduped__early/batch-summaries.jsonl,64,pythia-31m-deduped,early,Pythia-31M,早期,Pythia-31M · 早期,U-4,2.2984660086727966e-09,9.69412457990118e-14,0.382019707018133,2.9688679120904926e-08,30494720,pythia-31m-deduped__early/batch-summaries.jsonl,-12.966535446558,3.0,1.1713399876730791e-13,0.9221075624122087,-0.03521841621596646,1.0213882281677877,-12.966535446558234
64,pythia-31m-deduped:early,3.153105829827732e-08,u_m8,1.0797792054968534e-13,0.8268098637525445,fe882c573be0ea08e9b779bf08775075451e7d6e3b5477c99af80488416b2e1f,21957f489f3e2674475335462ca9cb99316ca590d2cb7a73036502d83706dfd0,results/stage2/direct-unvalidated/pythia-grid-20260826T145530Z/pythia-31m-deduped__early/batch-summaries.jsonl,64,pythia-31m-deduped,early,Pythia-31M,早期,Pythia-31M · 早期,U-8,2.3432194139832214e-09,9.440046491720061e-14,0.3856587960145232,2.9654021595511386e-08,30494720,pythia-31m-deduped__early/batch-summaries.jsonl,-12.966665040474,1.0,1.1713399876730791e-13,0.9218324456265551,-0.0353480101314453,1.0210834903501054,-12.966665040473712
128,pythia-31m-deduped:early,3.136593275434881e-08,double,1.0744735534285178e-13,0.8271694857070362,fcb0001ff0277c64743f7d2976cc9d6796346d35ebae029933017590b6494c32,40a6589c1f9e737ea662ecb95490485e91da14f68a5be0e4ca0890959043e942,results/stage2/direct-unvalidated/pythia-grid-20260826T145530Z/pythia-31m-deduped__early/batch-summaries.jsonl,64,pythia-31m-deduped,early,Pythia-31M,早期,Pythia-31M · 早期,Double,2.446597357428844e-09,4.880814667559416e-14,0.3982046728089322,2.949592776188316e-08,30494720,pythia-31m-deduped__early/batch-summaries.jsonl,-12.968804269555,5.5,1.1042733209120462e-13,0.9730141379682015,-0.011880849354497656,1.0160662482093599,-12.968804269554957
128,pythia-31m-deduped:early,3.417143093602118e-08,raw,1.1042733209120462e-13,0.8271140395061958,fcb0001ff0277c64743f7d2976cc9d6796346d35ebae029933017590b6494c32,b31da6353406e9b64f80ef715f98e211f06fa794e1b77edda6c3dbbbcba5ef72,results/stage2/direct-unvalidated/pythia-grid-20260826T145530Z/pythia-31m-deduped__early/batch-summaries.jsonl,64,pythia-31m-deduped,early,Pythia-31M,早期,Pythia-31M · 早期,Raw,1.1249920769187242e-08,4.9352759672191067e-14,0.0,3.7927156268671396e-08,30494720,pythia-31m-deduped__early/batch-summaries.jsonl,-12.9569234202,7.0,1.1042733209120462e-13,1.0,0.0,1.044246130206348,-12.956923420200459
128,pythia-31m-deduped:early,3.132018812188745e-08,u_m16,1.0738615256550522e-13,0.8272427995781235,fcb0001ff0277c64743f7d2976cc9d6796346d35ebae029933017590b6494c32,66ceec11a01e90969abf967c11b10c6c6b143878f443cb610058638990b55995,results/stage2/direct-unvalidated/pythia-grid-20260826T145530Z/pythia-31m-deduped__early/batch-summaries.jsonl,64,pythia-31m-deduped,early,Pythia-31M,早期,Pythia-31M · 早期,U-16,2.4358784960940457e-09,4.538479204995503e-14,0.40539608168233715,2.9354190629201604e-08,30494720,pythia-31m-deduped__early/batch-summaries.jsonl,-12.96905171726,4.0,1.1042733209120462e-13,0.9724599021989627,-0.012128297059063098,1.0154874896521104,-12.969051717259523
128,pythia-31m-deduped:early,3.136593275434881e-08,u_m2,1.0744735534285176e-13,0.8271694857070362,fcb0001ff0277c64743f7d2976cc9d6796346d35ebae029933017590b6494c32,1cb986b6801d7637da8838df03b26ce68fb2edd7997d8c75ace8bcf2a8217349,results/stage2/direct-unvalidated/pythia-grid-20260826T145530Z/pythia-31m-deduped__early/batch-summaries.jsonl,64,pythia-31m-deduped,early,Pythia-31M,早期,Pythia-31M · 早期,U-2,2.4465973574288443e-09,4.8808146675594144e-14,0.3982046728089322,2.949592776188316e-08,30494720,pythia-31m-deduped__early/batch-summaries.jsonl,-12.968804269555,5.5,1.1042733209120462e-13,0.9730141379682014,-0.011880849354497704,1.0160662482093599,-12.968804269554957
128,pythia-31m-deduped:early,3.131815006808082e-08,u_m32,1.0737320517035902e-13,0.8272619490329287,fcb0001ff0277c64743f7d2976cc9d6796346d35ebae029933017590b6494c32,30ab20e2ca3ce64f09ba7e7a20759546e49455c2b72a6de75567535311bd6dbb,results/stage2/direct-unvalidated/pythia-grid-20260826T145530Z/pythia-31m-deduped__early/batch-summaries.jsonl,64,pythia-31m-deduped,early,Pythia-31M,早期,Pythia-31M · 早期,U-32,2.435851332557944e-09,4.524926481474246e-14,0.40575965281858634,2.934865373211264e-08,30494720,pythia-31m-deduped__early/batch-summaries.jsonl,-12.969104082682,3.0,1.1042733209120462e-13,0.9723426540965137,-0.012180662481767954,1.015365053774854,-12.969104082682227
128,pythia-31m-deduped:early,3.1336324178399036e-08,u_m4,1.0736535106501603e-13,0.8273035052366322,fcb0001ff0277c64743f7d2976cc9d6796346d35ebae029933017590b6494c32,2400ec8583312a54afa20b5f5f078ad102b814eed726d71c422fc8ab7008c1c7,results/stage2/direct-unvalidated/pythia-grid-20260826T145530Z/pythia-31m-deduped__early/batch-summaries.jsonl,64,pythia-31m-deduped,early,Pythia-31M,早期,Pythia-31M · 早期,U-4,2.4553971081230095e-09,4.6476184186185954e-14,0.40275844474059774,2.9410630670391617e-08,30494720,pythia-31m-deduped__early/batch-summaries.jsonl,-12.969135851496,2.0,1.1042733209120462e-13,0.9722715294465357,-0.012212431295641576,1.0152907821343522,-12.969135851496102
128,pythia-31m-deduped:early,3.132404793258336e-08,u_m8,1.0735629766312912e-13,0.8272912929542974,fcb0001ff0277c64743f7d2976cc9d6796346d35ebae029933017590b6494c32,25018345cd5b216f3e2043ca468b3015a3b812e047f8fb87234b07d00fddae4c,results/stage2/direct-unvalidated/pythia-grid-20260826T145530Z/pythia-31m-deduped__early/batch-summaries.jsonl,64,pythia-31m-deduped,early,Pythia-31M,早期,Pythia-31M · 早期,U-8,2.4453466457961666e-09,4.575257545421186e-14,0.4047034371851914,2.937420274778e-08,30494720,pythia-31m-deduped__early/batch-summaries.jsonl,-12.969172474189,1.0,1.1042733209120462e-13,0.972189544291996,-0.01224905398839338,1.0152051694539896,-12.969172474188852
256,pythia-31m-deduped:early,3.1377770369676576e-08,double,1.0995262524657378e-13,0.8239349731342999,954cdbced1c2c11b0e831151939abfdb6859c3623128f67d6856d760165ac005,425f867d10843f101f7693045aaef01bf67c972297e95c376156250b5308ec46,results/stage2/direct-unvalidated/pythia-grid-20260826T145530Z/pythia-31m-deduped__early/batch-summaries.jsonl,64,pythia-31m-deduped,early,Pythia-31M,早期,Pythia-31M · 早期,Double,2.6655365315630603e-09,2.2724287172247644e-14,0.39614834961593354,2.9481185556216242e-08,30494720,pythia-31m-deduped__early/batch-summaries.jsonl,-12.958794396894,4.5,1.1103264530160076e-13,0.9902729503373238,-0.004245083698364953,1.0397571076419088,-12.958794396894463
256,pythia-31m-deduped:early,3.2561900246727666e-08,raw,1.1103264530160076e-13,0.8245055098071133,954cdbced1c2c11b0e831151939abfdb6859c3623128f67d6856d760165ac005,bd635d53ff592a4d98782dffc046cbee46772bca5271a1a35eb38dbea42b1f8d,results/stage2/direct-unvalidated/pythia-grid-20260826T145530Z/pythia-31m-deduped__early/batch-summaries.jsonl,64,pythia-31m-deduped,early,Pythia-31M,早期,Pythia-31M · 早期,Raw,7.067294336687559e-09,2.2423661569945672e-14,0.0,3.374452983617171e-08,30494720,pythia-31m-deduped__early/batch-summaries.jsonl,-12.954549313196,7.0,1.1103264530160076e-13,1.0,0.0,1.049970220117321,-12.954549313196098
256,pythia-31m-deduped:early,3.136048411673531e-08,u_m16,1.0987559340703995e-13,0.8240721025959863,954cdbced1c2c11b0e831151939abfdb6859c3623128f67d6856d760165ac005,e3258da26c0683747d93c35002dd18dd033b5c19182ef55b26824d10ea78b050,results/stage2/direct-unvalidated/pythia-grid-20260826T145530Z/pythia-31m-deduped__early/batch-summaries.jsonl,64,pythia-31m-deduped,early,Pythia-31M,早期,Pythia-31M · 早期,U-16,2.651355226643186e-09,2.18255070500379e-14,0.3950088408747482,2.94180016152206e-08,30494720,pythia-31m-deduped__early/batch-summaries.jsonl,-12.95909876641,1.0,1.1103264530160076e-13,0.9895791738419103,-0.004549453213931477,1.0390286629823073,-12.95909876641003
256,pythia-31m-deduped:early,3.1377770369676576e-08,u_m2,1.0995262524657378e-13,0.8239349731342999,954cdbced1c2c11b0e831151939abfdb6859c3623128f67d6856d760165ac005,31ba12b78d8f7e764cd80fcf441c36574b3bc6493c6b80efdbd667cd17918d49,results/stage2/direct-unvalidated/pythia-grid-20260826T145530Z/pythia-31m-deduped__early/batch-summaries.jsonl,64,pythia-31m-deduped,early,Pythia-31M,早期,Pythia-31M · 早期,U-2,2.66553653156306e-09,2.2724287172247644e-14,0.39614834961593354,2.9481185556216242e-08,30494720,pythia-31m-deduped__early/batch-summaries.jsonl,-12.958794396894,4.5,1.1103264530160076e-13,0.9902729503373238,-0.004245083698364953,1.0397571076419088,-12.958794396894463
256,pythia-31m-deduped:early,3.13602651454745e-08,u_m32,1.0988215072601569e-13,0.8240613997910785,954cdbced1c2c11b0e831151939abfdb6859c3623128f67d6856d760165ac005,240e4b3dd68e1181826c928536c6279af3a67bac8158c40487da8919055b423d,results/stage2/direct-unvalidated/pythia-grid-20260826T145530Z/pythia-31m-deduped__early/batch-summaries.jsonl,64,pythia-31m-deduped,early,Pythia-31M,早期,Pythia-31M · 早期,U-32,2.651457482223441e-09,2.178872681430095e-14,0.3947763744018637,2.9416092673078284e-08,30494720,pythia-31m-deduped__early/batch-summaries.jsonl,-12.959072848712,2.0,1.1103264530160076e-13,0.9896382314186971,-0.004523535515701326,1.0390906716792059,-12.9590728487118
256,pythia-31m-deduped:early,3.1365560184244e-08,u_m4,1.0996659641253921e-13,0.8239152059504246,954cdbced1c2c11b0e831151939abfdb6859c3623128f67d6856d760165ac005,4ed9cd24fca4f4a37ebad1cbcd7bab0711d857c216beedc8b6acceb4dbcf2874,results/stage2/direct-unvalidated/pythia-grid-20260826T145530Z/pythia-31m-deduped__early/batch-summaries.jsonl,64,pythia-31m-deduped,early,Pythia-31M,早期,Pythia-31M · 早期,U-4,2.6492862315437064e-09,2.2072030971500656e-14,0.3955742502308597,2.943173636888918e-08,30494720,pythia-31m-deduped__early/batch-summaries.jsonl,-12.958739216631,6.0,1.1103264530160076e-13,0.9903987796907313,-0.004189903434930695,1.0398892247158034,-12.95873921663103
256,pythia-31m-deduped:early,3.136235810824127e-08,u_m8,1.0992589631610561e-13,0.8239857955406376,954cdbced1c2c11b0e831151939abfdb6859c3623128f67d6856d760165ac005,921d8c80e2d58c11fc68f8ba96420fa7407dec4c54b9f282ae90c648b4f3e00f,results/stage2/direct-unvalidated/pythia-grid-20260826T145530Z/pythia-31m-deduped__early/batch-summaries.jsonl,64,pythia-31m-deduped,early,Pythia-31M,早期,Pythia-31M · 早期,U-8,2.6500151144379835e-09,2.1894009066597534e-14,0.39528062562961724,2.942114253486381e-08,30494720,pythia-31m-deduped__early/batch-summaries.jsonl,-12.958899984534,3.0,1.1103264530160076e-13,0.9900322199611757,-0.0043506713381596855,1.0395043479158759,-12.95889998453426
32,pythia-31m-deduped:mid_late,2.0138352781874475e-07,double,2.1240876351381816e-10,0.9069453843219434,65736a16dc2441933efbe16c183803ab1343aa32c4e93c1ac6549da26edc6e5a,ed8032455c0928e6552b958949fea32ebb40e15ae2aca840aa84046dfbd1ac1f,results/stage2/direct-unvalidated/pythia-grid-20260826T145530Z/pythia-31m-deduped__mid_late/batch-summaries.jsonl,64,pythia-31m-deduped,mid_late,Pythia-31M,中后期,Pythia-31M · 中后期,Double,-4.882183572007944e-08,4.545691408905061e-10,0.3401487536202989,2.1906886089010318e-07,30494720,pythia-31m-deduped__mid_late/batch-summaries.jsonl,-9.672827569195,5.5,1.9290910203875992e-10,1.101082122455478,0.041819711341597864,1.101082122455478,-9.672827569195183
32,pythia-31m-deduped:mid_late,2.630845067325653e-07,raw,1.9290910203875992e-10,0.8982340792105136,65736a16dc2441933efbe16c183803ab1343aa32c4e93c1ac6549da26edc6e5a,8e01cc3e5ea9f95848d6816bb3961125493d436fc50c1ae310255be2af65daef,results/stage2/direct-unvalidated/pythia-grid-20260826T145530Z/pythia-31m-deduped__mid_late/batch-summaries.jsonl,64,pythia-31m-deduped,mid_late,Pythia-31M,中后期,Pythia-31M · 中后期,Raw,1.288102254264893e-07,4.759576369569908e-10,0.0,3.851936546512869e-07,30494720,pythia-31m-deduped__mid_late/batch-summaries.jsonl,-9.714647280537,1.0,1.9290910203875992e-10,1.0,0.0,1.0,-9.71464728053678
32,pythia-31m-deduped:mid_late,1.982632217400761e-07,u_m16,2.093262547169545e-10,0.9096214602467942,65736a16dc2441933efbe16c183803ab1343aa32c4e93c1ac6549da26edc6e5a,137998aab56dcec76eeb0cd636a6739a237bfb764d6c4c7fc432cac30c1d1817,results/stage2/direct-unvalidated/pythia-grid-20260826T145530Z/pythia-31m-deduped__mid_late/batch-summaries.jsonl,64,pythia-31m-deduped,mid_late,Pythia-31M,中后期,Pythia-31M · 中后期,U-16,-4.8493053481066635e-08,3.921975536327127e-10,0.35879578497523507,2.161392117990018e-07,30494720,pythia-31m-deduped__mid_late/batch-summaries.jsonl,-9.679176296919,3.0,1.9290910203875992e-10,1.0851030485585693,0.03547098361795582,1.0851030485585693,-9.679176296918826
32,pythia-31m-deduped:mid_late,2.0138352781874475e-07,u_m2,2.1240876351381816e-10,0.9069453843219434,65736a16dc2441933efbe16c183803ab1343aa32c4e93c1ac6549da26edc6e5a,a5fb524567f6033e375fd94ca341b6bca65c3a63e05e72439ee8b53289c1b609,results/stage2/direct-unvalidated/pythia-grid-20260826T145530Z/pythia-31m-deduped__mid_late/batch-summaries.jsonl,64,pythia-31m-deduped,mid_late,Pythia-31M,中后期,Pythia-31M · 中后期,U-2,-4.882183572007944e-08,4.545691408905061e-10,0.3401487536202989,2.1906886089010318e-07,30494720,pythia-31m-deduped__mid_late/batch-summaries.jsonl,-9.672827569195,5.5,1.9290910203875992e-10,1.101082122455478,0.041819711341597864,1.101082122455478,-9.672827569195183
32,pythia-31m-deduped:mid_late,1.9794331953190575e-07,u_m32,2.0931946372062415e-10,0.9098092532565548,65736a16dc2441933efbe16c183803ab1343aa32c4e93c1ac6549da26edc6e5a,391a5ca9463db3e4ebdfc24a9b0b95d914fdccc8d32e37783eece598676ba8ae,results/stage2/direct-unvalidated/pythia-grid-20260826T145530Z/pythia-31m-deduped__mid_late/batch-summaries.jsonl,64,pythia-31m-deduped,mid_late,Pythia-31M,中后期,Pythia-31M · 中后期,U-32,-4.883333719570978e-08,3.8734132855472254e-10,0.35964803087222974,2.156404137942989e-07,30494720,pythia-31m-deduped__mid_late/batch-summaries.jsonl,-9.679190386599,2.0,1.9290910203875992e-10,1.0850678454693496,0.03545689393733439,1.0850678454693496,-9.679190386599448
32,pythia-31m-deduped:mid_late,1.9970304432730708e-07,u_m4,2.1260908419974485e-10,0.9069628832597376,65736a16dc2441933efbe16c183803ab1343aa32c4e93c1ac6549da26edc6e5a,727d28204b53d5061fb5683bc71c5c73b1f6b9d012496fc1398d2870fcaf16f1,results/stage2/direct-unvalidated/pythia-grid-20260826T145530Z/pythia-31m-deduped__mid_late/batch-summaries.jsonl,64,pythia-31m-deduped,mid_late,Pythia-31M,中后期,Pythia-31M · 中后期,U-4,-4.901811825190105e-08,4.1080501012069175e-10,0.35187589851620216,2.1671327952601108e-07,30494720,pythia-31m-deduped__mid_late/batch-summaries.jsonl,-9.672418183211,7.0,1.9290910203875992e-10,1.1021205425393912,0.0422290973258295,1.1021205425393912,-9.672418183210953
32,pythia-31m-deduped:mid_late,1.9877493536608301e-07,u_m8,2.0997376194188628e-10,0.9091542244121946,65736a16dc2441933efbe16c183803ab1343aa32c4e93c1ac6549da26edc6e5a,6ac829e620c591cbc9826b56ded8237c42227eef31790049d82cb15ef4edd13b,results/stage2/direct-unvalidated/pythia-grid-20260826T145530Z/pythia-31m-deduped__mid_late/batch-summaries.jsonl,64,pythia-31m-deduped,mid_late,Pythia-31M,中后期,Pythia-31M · 中后期,U-8,-4.853121785323883e-08,4.015445971807327e-10,0.3563499517293486,2.1625681370182348e-07,30494720,pythia-31m-deduped__mid_late/batch-summaries.jsonl,-9.67783497077,4.0,1.9290910203875992e-10,1.0884595891162132,0.03681230976698533,1.0884595891162132,-9.677834970769796
32,pythia-14m:early,1.3468171294377624e-07,double,4.2198818193751684e-12,0.9404240386742264,6c101fb5474ee8da016d2649ac819483ae22f1e19d9ee3a724b2a22db99d3bd7,f4439f4002c142f9e77efd5dfb0c772b21b67219cfab4ff64362e4144d14dd0c,results/stage2/direct-unvalidated/pythia-grid-20260826T145530Z/pythia-14m__early-retry1/batch-summaries.jsonl,64,pythia-14m,early,Pythia-14M,早期,Pythia-14M · 早期,Double,3.108408152559042e-08,8.086482582698338e-12,0.3474048231865992,2.110085651216448e-07,14067712,pythia-14m__early-retry1/batch-summaries.jsonl,-11.374699711577,4.5,5.100564406289029e-12,0.8273362481556015,-0.08231794747355477,1.1680464596157387,-11.374699711576696
32,pythia-14m:early,1.7133093293132387e-07,raw,5.100564406289029e-12,0.9381860998637521,6c101fb5474ee8da016d2649ac819483ae22f1e19d9ee3a724b2a22db99d3bd7,3185623089b9ec4a9f69b1dd40e4e9168a3a087f103c5c3294bcc53a001cf0f3,results/stage2/direct-unvalidated/pythia-grid-20260826T145530Z/pythia-14m__early-retry1/batch-summaries.jsonl,64,pythia-14m,early,Pythia-14M,早期,Pythia-14M · 早期,Raw,1.1147379826886323e-07,7.677838975104393e-12,0.0,2.8756183509223337e-07,14067712,pythia-14m__early-retry1/batch-summaries.jsonl,-11.292381764103,7.0,5.100564406289029e-12,1.0,0.0,1.411815887699457,-11.292381764103142
32,pythia-14m:early,1.3403659470154525e-07,u_m16,4.213198740138944e-12,0.940756453922626,6c101fb5474ee8da016d2649ac819483ae22f1e19d9ee3a724b2a22db99d3bd7,1c93018744c48dcafc971bcbd1744bf274eba23a09a792e5c963f7de644ad5a7,results/stage2/direct-unvalidated/pythia-grid-20260826T145530Z/pythia-14m__early-retry1/batch-summaries.jsonl,64,pythia-14m,early,Pythia-14M,早期,Pythia-14M · 早期,U-16,3.179243105738681e-08,7.469521381919663e-12,0.3603246924588732,2.1026714566522718e-07,14067712,pythia-14m__early-retry1/batch-summaries.jsonl,-11.375388054353,2.0,5.100564406289029e-12,0.8260259854662442,-0.08300629024972898,1.1661966099338443,-11.375388054352872
32,pythia-14m:early,1.3468171294377624e-07,u_m2,4.2198818193751684e-12,0.9404240386742264,6c101fb5474ee8da016d2649ac819483ae22f1e19d9ee3a724b2a22db99d3bd7,1606ab017536efaed8dc040766955c9862e718cc997b8997ddb5bad7d4e7bd0d,results/stage2/direct-unvalidated/pythia-grid-20260826T145530Z/pythia-14m__early-retry1/batch-summaries.jsonl,64,pythia-14m,early,Pythia-14M,早期,Pythia-14M · 早期,U-2,3.108408152559042e-08,8.08648258269834e-12,0.3474048231865992,2.110085651216448e-07,14067712,pythia-14m__early-retry1/batch-summaries.jsonl,-11.374699711577,4.5,5.100564406289029e-12,0.8273362481556015,-0.08231794747355477,1.1680464596157387,-11.374699711576696
32,pythia-14m:early,1.3396656728885098e-07,u_m32,4.216913716546834e-12,0.9406468735944199,6c101fb5474ee8da016d2649ac819483ae22f1e19d9ee3a724b2a22db99d3bd7,84423b2461e7698d628cd64d8744ee08aa989d2740ddd0e2cfef90fe2511d102,results/stage2/direct-unvalidated/pythia-grid-20260826T145530Z/pythia-14m__early-retry1/batch-summaries.jsonl,64,pythia-14m,early,Pythia-14M,早期,Pythia-14M · 早期,U-32,3.152264477856533e-08,7.451674128431417e-12,0.3611155104682268,2.0998498892770724e-07,14067712,pythia-14m__early-retry1/batch-summaries.jsonl,-11.375005285115,3.0,5.100564406289029e-12,0.8267543316083514,-0.08262352101217098,1.167224900589016,-11.375005285115313
32,pythia-14m:early,1.3424060242888386e-07,u_m4,4.221396217592332e-12,0.9406093312266418,6c101fb5474ee8da016d2649ac819483ae22f1e19d9ee3a724b2a22db99d3bd7,6aad950e7bf995705de924a94919ef0790626f024f841316c658610273df158b,results/stage2/direct-unvalidated/pythia-grid-20260826T145530Z/pythia-14m__early-retry1/batch-summaries.jsonl,64,pythia-14m,early,Pythia-14M,早期,Pythia-14M · 早期,U-4,3.166652713522091e-08,7.599204233874498e-12,0.35567624642870144,2.1058366979324876e-07,14067712,pythia-14m__early-retry1/batch-summaries.jsonl,-11.374543883326,6.0,5.100564406289029e-12,0.827633156124315,-0.082162119222597,1.168465639003153,-11.374543883325739
32,pythia-14m:early,1.3407558606809634e-07,u_m8,4.205643164343118e-12,0.9407784094489742,6c101fb5474ee8da016d2649ac819483ae22f1e19d9ee3a724b2a22db99d3bd7,33ab07c2183deab4886195f05913dc5f71c46a5058d108ec4708b090597bd6c1,results/stage2/direct-unvalidated/pythia-grid-20260826T145530Z/pythia-14m__early-retry1/batch-summaries.jsonl,64,pythia-14m,early,Pythia-14M,早期,Pythia-14M · 早期,U-8,3.178401383818697e-08,7.508932499540727e-12,0.35877788797495996,2.1037128697433644e-07,14067712,pythia-14m__early-retry1/batch-summaries.jsonl,-11.376167578614,1.0,5.100564406289029e-12,0.8245446639508234,-0.0837858145106495,1.1641052566835821,-11.376167578613792
64,pythia-14m:early,1.300300721708362e-07,double,3.6127688112366826e-12,0.9445325164824524,8d558edcad71740d74968da999e3dcb4b867ca89b8b769d7b06cce7df57d1f0c,e745b26f02cb55c95c14373904aacd3a2e261df3ff4767ae7ac780fac12258ac,results/stage2/direct-unvalidated/pythia-grid-20260826T145530Z/pythia-14m__early-retry1/batch-summaries.jsonl,64,pythia-14m,early,Pythia-14M,早期,Pythia-14M · 早期,Double,2.6166112749520576e-08,3.8453130249660085e-12,0.38854925378057215,2.0401759808704435e-07,14067712,pythia-14m__early-retry1/batch-summaries.jsonl,-11.442159828971,1.5,3.9700217409274304e-12,0.9100123493008151,-0.04095271405604005,1.0,-11.442159828970768
64,pythia-14m:early,1.4673382710739584e-07,raw,3.9700217409274304e-12,0.9436278561231984,8d558edcad71740d74968da999e3dcb4b867ca89b8b769d7b06cce7df57d1f0c,659bb422f01dccb28dab68d5411a9bc47aa27b5ce92129ba9a72bcbad463eba8,results/stage2/direct-unvalidated/pythia-grid-20260826T145530Z/pythia-14m__early-retry1/batch-summaries.jsonl,64,pythia-14m,early,Pythia-14M,早期,Pythia-14M · 早期,Raw,7.066847091391699e-08,3.8872815843579024e-12,0.0,2.4675650773728707e-07,14067712,pythia-14m__early-retry1/batch-summaries.jsonl,-11.401207114915,7.0,3.9700217409274304e-12,1.0,0.0,1.0988861862900263,-11.401207114914728
64,pythia-14m:early,1.2978146543056433e-07,u_m16,3.620395845934739e-12,0.9444626891172948,8d558edcad71740d74968da999e3dcb4b867ca89b8b769d7b06cce7df57d1f0c,93ed61ea60bfb8b72a115b34605688cb1fbda0e0da6d59eedc8db9a4b6ea0e82,results/stage2/direct-unvalidated/pythia-grid-20260826T145530Z/pythia-14m__early-retry1/batch-summaries.jsonl,64,pythia-14m,early,Pythia-14M,早期,Pythia-14M · 早期,U-16,2.625312741615541e-08,3.69536031561532e-12,0.402387893638994,2.034931906694305e-07,14067712,pythia-14m__early-retry1/batch-summaries.jsonl,-11.441243942089,3.0,3.9700217409274304e-12,0.9119335062102164,-0.040036827174628004,1.0021111327894368,-11.441243942089356
64,pythia-14m:early,1.300300721708362e-07,u_m2,3.6127688112366826e-12,0.9445325164824523,8d558edcad71740d74968da999e3dcb4b867ca89b8b769d7b06cce7df57d1f0c,dc8a2f5de30ede3b2fd488bb59383c396056cde9ccf8e9d274b877023a76823b,results/stage2/direct-unvalidated/pythia-grid-20260826T145530Z/pythia-14m__early-retry1/batch-summaries.jsonl,64,pythia-14m,early,Pythia-14M,早期,Pythia-14M · 早期,U-2,2.6166112749520576e-08,3.8453130249660085e-12,0.38854925378057215,2.0401759808704435e-07,14067712,pythia-14m__early-retry1/batch-summaries.jsonl,-11.442159828971,1.5,3.9700217409274304e-12,0.9100123493008151,-0.04095271405604005,1.0,-11.442159828970768
64,pythia-14m:early,1.2980346585252215e-07,u_m32,3.6221229872001854e-12,0.9444675123071243,8d558edcad71740d74968da999e3dcb4b867ca89b8b769d7b06cce7df57d1f0c,2c1ea7794b31b73a4cb6204d1117c13b1c54dd37d911a0ccb8efab0ab848077f,results/stage2/direct-unvalidated/pythia-grid-20260826T145530Z/pythia-14m__early-retry1/batch-summaries.jsonl,64,pythia-14m,early,Pythia-14M,早期,Pythia-14M · 早期,U-32,2.6347550311741984e-08,3.689811734318214e-12,0.40379885513721064,2.035538364660347e-07,14067712,pythia-14m__early-retry1/batch-summaries.jsonl,-11.441036807541,5.0,3.9700217409274304e-12,0.9123685520054676,-0.039829692625846985,1.002589198604242,-11.441036807540575
64,pythia-14m:early,1.299001721018571e-07,u_m4,3.6304783231329196e-12,0.9443988476779452,8d558edcad71740d74968da999e3dcb4b867ca89b8b769d7b06cce7df57d1f0c,4195aea6fdb7c093081ae9b6738418c802e24b4f33f35151306fee3725b290de,results/stage2/direct-unvalidated/pythia-grid-20260826T145530Z/pythia-14m__early-retry1/batch-summaries.jsonl,64,pythia-14m,early,Pythia-14M,早期,Pythia-14M · 早期,U-4,2.632048454459681e-08,3.721749591897433e-12,0.3973721526286577,2.037445912416686e-07,14067712,pythia-14m__early-retry1/batch-summaries.jsonl,-11.440036151985,6.0,3.9700217409274304e-12,0.914473159102854,-0.03882903707065845,1.0049019222711277,-11.440036151985387
64,pythia-14m:early,1.2979972568886722e-07,u_m8,3.621146977789458e-12,0.9444563456206291,8d558edcad71740d74968da999e3dcb4b867ca89b8b769d7b06cce7df57d1f0c,e392cd5a450bf8b37e59808cedcace1e5521ef5e55749e583c2089ef5af39627,results/stage2/direct-unvalidated/pythia-grid-20260826T145530Z/pythia-14m__early-retry1/batch-summaries.jsonl,64,pythia-14m,early,Pythia-14M,早期,Pythia-14M · 早期,U-8,2.6273803861723884e-08,3.710474845349357e-12,0.400522487238863,2.03561085617858e-07,14067712,pythia-14m__early-retry1/batch-summaries.jsonl,-11.44115384736,4.0,3.9700217409274304e-12,0.9121227071526131,-0.039946732445149256,1.0023190430914697,-11.441153847359878
128,pythia-14m:early,1.2966423498928185e-07,double,3.6935296765714914e-12,0.943084200043071,536a7294dd7b4df237a8484f518f4b10e634d1d48ccb26326cc773e874a6a8a7,0767124314f590c795fb04024855aa5a67de21c57791b74aab92d30dfec797c4,results/stage2/direct-unvalidated/pythia-grid-20260826T145530Z/pythia-14m__early-retry1/batch-summaries.jsonl,64,pythia-14m,early,Pythia-14M,早期,Pythia-14M · 早期,Double,2.5308338875480227e-08,1.845784457493694e-12,0.4178383094564347,2.0207719747912852e-07,14067712,pythia-14m__early-retry1/batch-summaries.jsonl,-11.432558407183,4.5,3.843605290971168e-12,0.9609544677357449,-0.017297189729567043,1.022354285467595,-11.432558407183278
128,pythia-14m:early,1.3687573333064574e-07,raw,3.843605290971168e-12,0.9429084262530103,536a7294dd7b4df237a8484f518f4b10e634d1d48ccb26326cc773e874a6a8a7,66357e334f9ea457eca3e17213b2d300e75b9d3b5aae59ffb0100fbbac61b125,results/stage2/direct-unvalidated/pythia-grid-20260826T145530Z/pythia-14m__early-retry1/batch-summaries.jsonl,64,pythia-14m,early,Pythia-14M,早期,Pythia-14M · 早期,Raw,4.815941523186182e-08,1.805925354411976e-12,0.0,2.2424745205523193e-07,14067712,pythia-14m__early-retry1/batch-summaries.jsonl,-11.415261217454,7.0,3.843605290971168e-12,1.0,0.0,1.063894617063932,-11.415261217453711
128,pythia-14m:early,1.2955306072981966e-07,u_m16,3.691109118707412e-12,0.9430547559593,536a7294dd7b4df237a8484f518f4b10e634d1d48ccb26326cc773e874a6a8a7,62788e9a913ba935b1aae6b82b67cd28352b6e67e970c90dde1bc00f69403510,results/stage2/direct-unvalidated/pythia-grid-20260826T145530Z/pythia-14m__early-retry1/batch-summaries.jsonl,64,pythia-14m,early,Pythia-14M,早期,Pythia-14M · 早期,U-16,2.5051455838269035e-08,1.796152432945776e-12,0.4268684914789271,2.0161331944725143e-07,14067712,pythia-14m__early-retry1/batch-summaries.jsonl,-11.432843115749,3.0,3.843605290971168e-12,0.9603247053952243,-0.01758189829562935,1.0216842847034855,-11.43284311574934
128,pythia-14m:early,1.2966423498928185e-07,u_m2,3.6935296765714914e-12,0.943084200043071,536a7294dd7b4df237a8484f518f4b10e634d1d48ccb26326cc773e874a6a8a7,9fd8cdf633524c54c6d5e24a2bd41e01f954304ab5dd407eaae016c1495a4d32,results/stage2/direct-unvalidated/pythia-grid-20260826T145530Z/pythia-14m__early-retry1/batch-summaries.jsonl,64,pythia-14m,early,Pythia-14M,早期,Pythia-14M · 早期,U-2,2.5308338875480227e-08,1.845784457493696e-12,0.4178383094564347,2.0207719747912852e-07,14067712,pythia-14m__early-retry1/batch-summaries.jsonl,-11.432558407183,4.5,3.843605290971168e-12,0.9609544677357449,-0.017297189729567043,1.022354285467595,-11.432558407183278
128,pythia-14m:early,1.2954990388928476e-07,u_m32,3.690329778916654e-12,0.9430518547081719,536a7294dd7b4df237a8484f518f4b10e634d1d48ccb26326cc773e874a6a8a7,0ab499375025eb8435f82bc33dfab72046c8827e274b707a68735110ff583923,results/stage2/direct-unvalidated/pythia-grid-20260826T145530Z/pythia-14m__early-retry1/batch-summaries.jsonl,64,pythia-14m,early,Pythia-14M,早期,Pythia-14M · 早期,U-32,2.5033255602619557e-08,1.7943273597631312e-12,0.4273630992730019,2.0158615767057058e-07,14067712,pythia-14m__early-retry1/batch-summaries.jsonl,-11.432934822252,1.0,3.843605290971168e-12,0.9601219426941247,-0.017673604798008044,1.0214685665572443,-11.432934822251719
128,pythia-14m:early,1.2953806222350096e-07,u_m4,3.690535635301281e-12,0.9430710355197318,536a7294dd7b4df237a8484f518f4b10e634d1d48ccb26326cc773e874a6a8a7,27e45fb60d9aecee4cd71f221d52a3d039baae3d7a16ea1db8bcaf66fff2656f,results/stage2/direct-unvalidated/pythia-grid-20260826T145530Z/pythia-14m__early-retry1/batch-summaries.jsonl,64,pythia-14m,early,Pythia-14M,早期,Pythia-14M · 早期,U-4,2.4975101177822685e-08,1.8117836852839228e-12,0.4240934133425535,2.0161959706895877e-07,14067712,pythia-14m__early-retry1/batch-summaries.jsonl,-11.432910596829,2.0,3.843605290971168e-12,0.9601755008430612,-0.017649379375401324,1.021525546783598,-11.432910596829112
128,pythia-14m:early,1.2956602089771003e-07,u_m8,3.693897022196069e-12,0.9430272354787269,536a7294dd7b4df237a8484f518f4b10e634d1d48ccb26326cc773e874a6a8a7,d49ece3df3550a3845a3f542503cdb45fa7b94270da765d0d6e4dcf06d7b3ac5,results/stage2/direct-unvalidated/pythia-grid-20260826T145530Z/pythia-14m__early-retry1/batch-summaries.jsonl,64,pythia-14m,early,Pythia-14M,早期,Pythia-14M · 早期,U-8,2.5070093682927817e-08,1.8003763847389204e-12,0.4261814572263066,2.0165031740231677e-07,14067712,pythia-14m__early-retry1/batch-summaries.jsonl,-11.432515215911,6.0,3.843605290971168e-12,0.9610500409272588,-0.01725399845760125,1.0224559652715823,-11.432515215911312
256,pythia-14m:early,1.306874051220134e-07,double,3.8672556694928546e-12,0.9417010912490137,12ff86115b1a7ddc1bc43d860987f5f8e4d29ca9ae63a19fd08f183809d80613,0088814c51d437e0225f26e294ac6368cef053aacbf4c30c9af1efdca71b139f,results/stage2/direct-unvalidated/pythia-grid-20260826T145530Z/pythia-14m__early-retry1/batch-summaries.jsonl,64,pythia-14m,early,Pythia-14M,早期,Pythia-14M · 早期,Double,2.709748303503803e-08,8.85958561480393e-13,0.4182780398120178,2.0344034835973444e-07,14067712,pythia-14m__early-retry1/batch-summaries.jsonl,-11.412597115183,5.5,3.935037510666976e-12,0.9827747916022705,-0.007545991801681952,1.0704409475260774,-11.412597115183337
256,pythia-14m:early,1.3373499539124611e-07,raw,3.935037510666976e-12,0.9417271046181415,12ff86115b1a7ddc1bc43d860987f5f8e4d29ca9ae63a19fd08f183809d80613,20348057a1fa6df2081ef321568188294869c88ae130d73c009afb51ade7957d,results/stage2/direct-unvalidated/pythia-grid-20260826T145530Z/pythia-14m__early-retry1/batch-summaries.jsonl,64,pythia-14m,early,Pythia-14M,早期,Pythia-14M · 早期,Raw,3.817273161771758e-08,8.761782928756833e-13,0.0,2.142607684410877e-07,14067712,pythia-14m__early-retry1/batch-summaries.jsonl,-11.405051123382,7.0,3.935037510666976e-12,1.0,0.0,1.08920269086357,-11.405051123381655
256,pythia-14m:early,1.306382989175809e-07,u_m16,3.863653503170026e-12,0.941719209535706,12ff86115b1a7ddc1bc43d860987f5f8e4d29ca9ae63a19fd08f183809d80613,5f44551fb8ae4b1cb88412dcbcb9bcb3431dbfdd9b2055be472ba8c8988e79cc,results/stage2/direct-unvalidated/pythia-grid-20260826T145530Z/pythia-14m__early-retry1/batch-summaries.jsonl,64,pythia-14m,early,Pythia-14M,早期,Pythia-14M · 早期,U-16,2.704918335615418e-08,8.758257496025906e-13,0.41489063751091865,2.0330255774944981e-07,14067712,pythia-14m__early-retry1/batch-summaries.jsonl,-11.413001828532,2.0,3.935037510666976e-12,0.9818593832197421,-0.007950705150442067,1.0694438822525882,-11.413001828532098
256,pythia-14m:early,1.306874051220134e-07,u_m2,3.8672556694928546e-12,0.9417010912490138,12ff86115b1a7ddc1bc43d860987f5f8e4d29ca9ae63a19fd08f183809d80613,8d23a10ce0527bddf05e432ff4f0e25254bc7228337b408a5ce103deb3280c4a,results/stage2/direct-unvalidated/pythia-grid-20260826T145530Z/pythia-14m__early-retry1/batch-summaries.jsonl,64,pythia-14m,early,Pythia-14M,早期,Pythia-14M · 早期,U-2,2.7097483035038034e-08,8.859585614803907e-13,0.4182780398120178,2.0344034835973444e-07,14067712,pythia-14m__early-retry1/batch-summaries.jsonl,-11.412597115183,5.5,3.935037510666976e-12,0.9827747916022705,-0.007545991801681952,1.0704409475260774,-11.412597115183337
256,pythia-14m:early,1.3063914579142177e-07,u_m32,3.863070695160397e-12,0.9417255747466958,12ff86115b1a7ddc1bc43d860987f5f8e4d29ca9ae63a19fd08f183809d80613,6b9950fa3dd71ce2522b707a03cea98452dfda9620279037ea000a5d1126bf69,results/stage2/direct-unvalidated/pythia-grid-20260826T145530Z/pythia-14m__early-retry1/batch-summaries.jsonl,64,pythia-14m,early,Pythia-14M,早期,Pythia-14M · 早期,U-32,2.706034672053418e-08,8.751769395268516e-13,0.414672691621779,2.033086800197755e-07,14067712,pythia-14m__early-retry1/batch-summaries.jsonl,-11.413067344085,1.0,3.935037510666976e-12,0.9817112758616675,-0.008016220703106857,1.0692825633196368,-11.413067344084762
256,pythia-14m:early,1.3065146564410213e-07,u_m4,3.863754986313993e-12,0.9417143320599772,12ff86115b1a7ddc1bc43d860987f5f8e4d29ca9ae63a19fd08f183809d80613,6f8b463973a6a4725986277ba29b8b1b0986bbdc5375188a76529ee153ec0dde,results/stage2/direct-unvalidated/pythia-grid-20260826T145530Z/pythia-14m__early-retry1/batch-summaries.jsonl,64,pythia-14m,early,Pythia-14M,早期,Pythia-14M · 早期,U-4,2.7056652628908934e-08,8.78963871163578e-13,0.4159426209464624,2.0333802499878403e-07,14067712,pythia-14m__early-retry1/batch-summaries.jsonl,-11.412990421456,3.0,3.935037510666976e-12,0.9818851728453025,-0.00793929807406108,1.069471972382145,-11.412990421455715
256,pythia-14m:early,1.3064097196641283e-07,u_m8,3.864031538781411e-12,0.9417156822949876,12ff86115b1a7ddc1bc43d860987f5f8e4d29ca9ae63a19fd08f183809d80613,ba8fa5fabe5f6378aef9c0e9f1bbc3c9170d26af61dc0f5966d74316a449d8f3,results/stage2/direct-unvalidated/pythia-grid-20260826T145530Z/pythia-14m__early-retry1/batch-summaries.jsonl,64,pythia-14m,early,Pythia-14M,早期,Pythia-14M · 早期,U-8,2.705389072445349e-08,8.763904626648451e-13,0.41538474771163925,2.0331492304902796e-07,14067712,pythia-14m__early-retry1/batch-summaries.jsonl,-11.412959337468,4.0,3.935037510666976e-12,0.981955452344969,-0.00790821408637127,1.0695485210022944,-11.412959337468026
64,pythia-31m-deduped:mid_late,2.3937326331842736e-07,double,2.2246423405955041e-10,0.8305180891529742,6d348aa62adc1fa7a17322ee4134b1c25fa7e454383ade5793fa9b99857b104a,ab49513ec4659ca3bdc404cfb458af19768d9ff44f630562799dd23b53eaa492,results/stage2/direct-unvalidated/pythia-grid-20260826T145530Z/pythia-31m-deduped__mid_late-continuation1/batch-summaries.jsonl,18,pythia-31m-deduped,mid_late,Pythia-31M,中后期,Pythia-31M · 中后期,Double,-2.9067973175290316e-08,1.8044376825772774e-10,0.32805141349059774,2.1728077774412343e-07,30494720,pythia-31m-deduped__mid_late-continuation1/batch-summaries.jsonl,-9.652739801308,6.5,2.1554307269888196e-10,1.032110340054108,0.013726128991812225,1.1532075558303734,-9.652739801308396
64,pythia-31m-deduped:mid_late,2.574906218088144e-07,raw,2.1554307269888196e-10,0.8383408574419767,6d348aa62adc1fa7a17322ee4134b1c25fa7e454383ade5793fa9b99857b104a,11522768911e588b3e67817ba51870a4aab95724bd2a6e7134dde56acadaf77c,results/stage2/direct-unvalidated/pythia-grid-20260826T145530Z/pythia-31m-deduped__mid_late-continuation1/batch-summaries.jsonl,18,pythia-31m-deduped,mid_late,Pythia-31M,中后期,Pythia-31M · 中后期,Raw,5.604945927608992e-08,1.6377080558925711e-10,0.0,2.9138940551182075e-07,30494720,pythia-31m-deduped__mid_late-continuation1/batch-summaries.jsonl,-9.6664659303,1.0,2.1554307269888196e-10,1.0,0.0,1.1173297186131443,-9.666465930300207
64,pythia-31m-deduped:mid_late,2.370591432087613e-07,u_m16,2.2130600193742142e-10,0.8314938898024125,6d348aa62adc1fa7a17322ee4134b1c25fa7e454383ade5793fa9b99857b104a,5b528431a5354aa66dc818e53ba50b392c2cf836adf5acbd0d526ae100184f91,results/stage2/direct-unvalidated/pythia-grid-20260826T145530Z/pythia-31m-deduped__mid_late-continuation1/batch-summaries.jsonl,18,pythia-31m-deduped,mid_late,Pythia-31M,中后期,Pythia-31M · 中后期,U-16,-3.022735010238947e-08,1.5226343155031974e-10,0.35093498153122904,2.1240099804417366e-07,30494720,pythia-31m-deduped__mid_late-continuation1/batch-summaries.jsonl,-9.655006807614,5.0,2.1554307269888196e-10,1.0267367870671047,0.011459122686373023,1.1472035253834518,-9.655006807613834
64,pythia-31m-deduped:mid_late,2.3937326331842736e-07,u_m2,2.224642340595504e-10,0.8305180891529742,6d348aa62adc1fa7a17322ee4134b1c25fa7e454383ade5793fa9b99857b104a,fcfbebc073d57a67b3e82429fd2c9aaf71b68f4f4c7314d46f278ac66a730184,results/stage2/direct-unvalidated/pythia-grid-20260826T145530Z/pythia-31m-deduped__mid_late-continuation1/batch-summaries.jsonl,18,pythia-31m-deduped,mid_late,Pythia-31M,中后期,Pythia-31M · 中后期,U-2,-2.9067973175290313e-08,1.8044376825772774e-10,0.32805141349059774,2.1728077774412343e-07,30494720,pythia-31m-deduped__mid_late-continuation1/batch-summaries.jsonl,-9.652739801308,6.5,2.1554307269888196e-10,1.032110340054108,0.013726128991812225,1.1532075558303732,-9.652739801308396
64,pythia-31m-deduped:mid_late,2.367478719656954e-07,u_m32,2.2027931764557068e-10,0.8323582852705462,6d348aa62adc1fa7a17322ee4134b1c25fa7e454383ade5793fa9b99857b104a,f0e2e3c4d79b58bc5dd773b1c8aa83b9cfcb2773e7a254afef39ad69f1fb00f9,results/stage2/direct-unvalidated/pythia-grid-20260826T145530Z/pythia-31m-deduped__mid_late-continuation1/batch-summaries.jsonl,18,pythia-31m-deduped,mid_late,Pythia-31M,中后期,Pythia-31M · 中后期,U-32,-3.024110734603975e-08,1.5343665975696534e-10,0.35228698607496645,2.1232501900585435e-07,30494720,pythia-31m-deduped__mid_late-continuation1/batch-summaries.jsonl,-9.657026277493,2.0,2.1554307269888196e-10,1.0219735428626155,0.009439652807008649,1.1418814110767643,-9.657026277493198
64,pythia-31m-deduped:mid_late,2.379546102006021e-07,u_m4,2.2122052258677537e-10,0.831562308049831,6d348aa62adc1fa7a17322ee4134b1c25fa7e454383ade5793fa9b99857b104a,6df4e123e65316ea2e351cb3e7f461507279de26235e6cffd99e0524116ae143,results/stage2/direct-unvalidated/pythia-grid-20260826T145530Z/pythia-31m-deduped__mid_late-continuation1/batch-summaries.jsonl,18,pythia-31m-deduped,mid_late,Pythia-31M,中后期,Pythia-31M · 中后期,U-4,-2.9298201868960572e-08,1.6243775713772787e-10,0.34241547389187377,2.14556498587324e-07,30494720,pythia-31m-deduped__mid_late-continuation1/batch-summaries.jsonl,-9.65517458608,4.0,2.1554307269888196e-10,1.026340210412723,0.01129134422019461,1.1467604185018032,-9.655174586080014
64,pythia-31m-deduped:mid_late,2.3702681017064463e-07,u_m8,2.2044487013027952e-10,0.8322140951132794,6d348aa62adc1fa7a17322ee4134b1c25fa7e454383ade5793fa9b99857b104a,e173dcc542c0d34e742518dcbb0c22a2ed390269b121ea2509464f5135e22566,results/stage2/direct-unvalidated/pythia-grid-20260826T145530Z/pythia-31m-deduped__mid_late-continuation1/batch-summaries.jsonl,18,pythia-31m-deduped,mid_late,Pythia-31M,中后期,Pythia-31M · 中后期,U-8,-2.985132902602888e-08,1.546592491268515e-10,0.34836912750797516,2.1313665542166283e-07,30494720,pythia-31m-deduped__mid_late-continuation1/batch-summaries.jsonl,-9.656700002984,3.0,2.1554307269888196e-10,1.0227416143326744,0.009765927315875392,1.14273960015628,-9.656700002984332
128,pythia-31m-deduped:mid_late,2.2785453702208613e-07,double,2.1039394047496407e-10,0.8416256665938677,920bcd8482844c9db214628bf8ae23d7e1c85afc3a76567eb7a331bea98c212c,89e6e611a45c0944105469ca8614d17df0e72ec8806e1f700e0d169b8e098e8a,results/stage2/direct-unvalidated/pythia-grid-20260826T145530Z/pythia-31m-deduped__mid_late-continuation1/batch-summaries.jsonl,64,pythia-31m-deduped,mid_late,Pythia-31M,中后期,Pythia-31M · 中后期,Double,-3.475976389805055e-08,9.703786955181892e-11,0.40627731620424784,2.0256346183859863e-07,30494720,pythia-31m-deduped__mid_late-continuation1/batch-summaries.jsonl,-9.67696677239,2.5,2.0728842747835877e-10,1.0149816033359098,0.006458170680655056,1.0906377057972674,-9.676966772389887
128,pythia-31m-deduped:mid_late,2.394565573422288e-07,raw,2.0728842747835877e-10,0.8431693092641465,920bcd8482844c9db214628bf8ae23d7e1c85afc3a76567eb7a331bea98c212c,8645e9f91ec037f02d2ee5150d6d27f831295d8beb78430286c85bf2063058fe,results/stage2/direct-unvalidated/pythia-grid-20260826T145530Z/pythia-31m-deduped__mid_late-continuation1/batch-summaries.jsonl,64,pythia-31m-deduped,mid_late,Pythia-31M,中后期,Pythia-31M · 中后期,Raw,1.8498421207478497e-08,1.7247784782731892e-10,0.0,2.5383836744320936e-07,30494720,pythia-31m-deduped__mid_late-continuation1/batch-summaries.jsonl,-9.683424943071,1.0,2.0728842747835877e-10,1.0,0.0,1.074539382992461,-9.683424943070541
128,pythia-31m-deduped:mid_late,2.2759760202787788e-07,u_m16,2.1090471827188182e-10,0.8411928762822688,920bcd8482844c9db214628bf8ae23d7e1c85afc3a76567eb7a331bea98c212c,6db625ac6aac833f9b721de81883a696120ea4569208b6d82db999e76b8f0928,results/stage2/direct-unvalidated/pythia-grid-20260826T145530Z/pythia-31m-deduped__mid_late-continuation1/batch-summaries.jsonl,64,pythia-31m-deduped,mid_late,Pythia-31M,中后期,Pythia-31M · 中后期,U-16,-3.5025037423152567e-08,9.130833515482787e-11,0.419678521396491,2.015153323350534e-07,30494720,pythia-31m-deduped__mid_late-continuation1/batch-summaries.jsonl,-9.675913704298,7.0,2.0728842747835877e-10,1.0174456955340674,0.007511238772670102,1.093285469907512,-9.675913704297871
128,pythia-31m-deduped:mid_late,2.2785453702208613e-07,u_m2,2.1039394047496404e-10,0.8416256665938677,920bcd8482844c9db214628bf8ae23d7e1c85afc3a76567eb7a331bea98c212c,1ee6e79c2b2aaf10830864d192247144c09aff4c31d56da7f6f8c4d771305f30,results/stage2/direct-unvalidated/pythia-grid-20260826T145530Z/pythia-31m-deduped__mid_late-continuation1/batch-summaries.jsonl,64,pythia-31m-deduped,mid_late,Pythia-31M,中后期,Pythia-31M · 中后期,U-2,-3.475976389805055e-08,9.703786955181891e-11,0.40627731620424784,2.025634618385986e-07,30494720,pythia-31m-deduped__mid_late-continuation1/batch-summaries.jsonl,-9.67696677239,2.5,2.0728842747835877e-10,1.0149816033359098,0.006458170680655056,1.0906377057972672,-9.676966772389887
128,pythia-31m-deduped:mid_late,2.2755929874808785e-07,u_m32,2.108273843591814e-10,0.8412684464464352,920bcd8482844c9db214628bf8ae23d7e1c85afc3a76567eb7a331bea98c212c,626a1f16d67fcf5c443d472cfc2e11c9c627099a0e49929384ff67b6c4f30188,results/stage2/direct-unvalidated/pythia-grid-20260826T145530Z/pythia-31m-deduped__mid_late-continuation1/batch-summaries.jsonl,64,pythia-31m-deduped,mid_late,Pythia-31M,中后期,Pythia-31M · 中后期,U-32,-3.498154550631891e-08,9.075986914051237e-11,0.4202447505666555,2.0152069934802346e-07,30494720,pythia-31m-deduped__mid_late-continuation1/batch-summaries.jsonl,-9.676072979305,6.0,2.0728842747835877e-10,1.0170726215827561,0.007351963765068336,1.0928845872540596,-9.676072979305474
128,pythia-31m-deduped:mid_late,2.2756358621027338e-07,u_m4,2.106309525112297e-10,0.8414356518707129,920bcd8482844c9db214628bf8ae23d7e1c85afc3a76567eb7a331bea98c212c,271ca2bb006ce4951af1d75ea724a919b59cae0990869b7245d376c3ec8596c3,results/stage2/direct-unvalidated/pythia-grid-20260826T145530Z/pythia-31m-deduped__mid_late-continuation1/batch-summaries.jsonl,64,pythia-31m-deduped,mid_late,Pythia-31M,中后期,Pythia-31M · 中后期,U-4,-3.492431996010693e-08,9.257850015024857e-11,0.4148628352711552,2.018266032127501e-07,30494720,pythia-31m-deduped__mid_late-continuation1/batch-summaries.jsonl,-9.676477808283,5.0,2.0728842747835877e-10,1.0161249958501417,0.006947134787446904,1.0918663260840282,-9.676477808283094
128,pythia-31m-deduped:mid_late,2.2751936006875236e-07,u_m8,2.105604276539228e-10,0.8414776505181314,920bcd8482844c9db214628bf8ae23d7e1c85afc3a76567eb7a331bea98c212c,b3a29935ad778ceca3c87a040e41b192848552ac55244852c5bf749a64583d41,results/stage2/direct-unvalidated/pythia-grid-20260826T145530Z/pythia-31m-deduped__mid_late-continuation1/batch-summaries.jsonl,64,pythia-31m-deduped,mid_late,Pythia-31M,中后期,Pythia-31M · 中后期,U-8,-3.48829637064184e-08,9.147239612628898e-11,0.4182069223786938,2.0173554693905923e-07,30494720,pythia-31m-deduped__mid_late-continuation1/batch-summaries.jsonl,-9.676623246001,4.0,2.0728842747835877e-10,1.0157847701165355,0.00680169706913635,1.0915007401341608,-9.676623246001405
256,pythia-31m-deduped:mid_late,2.2656829316648467e-07,double,2.0584465754782448e-10,0.8466451296962947,4a78ff500e65aa8d14d03bb270c8b3ed99a31d57f7eb082aa17bba73d3211324,1bd5e87abc6c85df0de6e1c1b9fcbcb7a8925ed28de32db0795ba2c88d0bb1fe,results/stage2/direct-unvalidated/pythia-grid-20260826T145530Z/pythia-31m-deduped__mid_late-continuation1/batch-summaries.jsonl,64,pythia-31m-deduped,mid_late,Pythia-31M,中后期,Pythia-31M · 中后期,Double,-3.710265476769111e-08,3.607825887036208e-11,0.41000701104978177,1.9887873615262391e-07,30494720,pythia-31m-deduped__mid_late-continuation1/batch-summaries.jsonl,-9.686460400115,3.5,2.02412885526395e-10,1.0169543159888503,0.007301443817942312,1.0670551849153571,-9.686460400114678
256,pythia-31m-deduped:mid_late,2.2927380706362155e-07,raw,2.02412885526395e-10,0.8485296577185466,4a78ff500e65aa8d14d03bb270c8b3ed99a31d57f7eb082aa17bba73d3211324,9d62b8c0710d93fb3227016612b98acc21f14d0a2e2e68d40f948ba3c6159609,results/stage2/direct-unvalidated/pythia-grid-20260826T145530Z/pythia-31m-deduped__mid_late-continuation1/batch-summaries.jsonl,64,pythia-31m-deduped,mid_late,Pythia-31M,中后期,Pythia-31M · 中后期,Raw,-1.5726639241894958e-08,3.564551856151162e-11,0.0,2.196133069938359e-07,30494720,pythia-31m-deduped__mid_late-continuation1/batch-summaries.jsonl,-9.693761843933,1.0,2.02412885526395e-10,1.0,0.0,1.0492656043037594,-9.69376184393262
256,pythia-31m-deduped:mid_late,2.2661318517006699e-07,u_m16,2.0578931456146644e-10,0.8466594184959773,4a78ff500e65aa8d14d03bb270c8b3ed99a31d57f7eb082aa17bba73d3211324,0cb49f5719c3512b18383e99f820e0df2aa78bd6527ff2f428fb76d7778093c6,results/stage2/direct-unvalidated/pythia-grid-20260826T145530Z/pythia-31m-deduped__mid_late-continuation1/batch-summaries.jsonl,64,pythia-31m-deduped,mid_late,Pythia-31M,中后期,Pythia-31M · 中后期,U-16,-3.698228495596575e-08,3.5262196785582376e-11,0.4143935081220618,1.9876005059087217e-07,30494720,pythia-31m-deduped__mid_late-continuation1/batch-summaries.jsonl,-9.686577179367,2.0,2.02412885526395e-10,1.0166808996684706,0.007184664565690546,1.0667682985747275,-9.68657717936693
256,pythia-31m-deduped:mid_late,2.2656829316648467e-07,u_m2,2.0584465754782448e-10,0.8466451296962947,4a78ff500e65aa8d14d03bb270c8b3ed99a31d57f7eb082aa17bba73d3211324,257735caf3982c8f0bd4ae05ed5dbf3cadb04d376b309b7a49b8360afd31a3e2,results/stage2/direct-unvalidated/pythia-grid-20260826T145530Z/pythia-31m-deduped__mid_late-continuation1/batch-summaries.jsonl,64,pythia-31m-deduped,mid_late,Pythia-31M,中后期,Pythia-31M · 中后期,U-2,-3.710265476769111e-08,3.607825887036209e-11,0.41000701104978177,1.9887873615262391e-07,30494720,pythia-31m-deduped__mid_late-continuation1/batch-summaries.jsonl,-9.686460400115,3.5,2.02412885526395e-10,1.0169543159888503,0.007301443817942312,1.0670551849153571,-9.686460400114678
256,pythia-31m-deduped:mid_late,2.266469493005203e-07,u_m32,2.0588299999619817e-10,0.8465794710466132,4a78ff500e65aa8d14d03bb270c8b3ed99a31d57f7eb082aa17bba73d3211324,cc91a1aae65012e67ae2a0bfb8f4a4fb45cb1560e2a8634381325e61acfcd97a,results/stage2/direct-unvalidated/pythia-grid-20260826T145530Z/pythia-31m-deduped__mid_late-continuation1/batch-summaries.jsonl,64,pythia-31m-deduped,mid_late,Pythia-31M,中后期,Pythia-31M · 中后期,U-32,-3.696588832881115e-08,3.525276463752348e-11,0.4145951495865514,1.987626184242017e-07,30494720,pythia-31m-deduped__mid_late-continuation1/batch-summaries.jsonl,-9.686379512113,5.0,2.02412885526395e-10,1.0171437429034165,0.007382331819971724,1.0672539440613409,-9.686379512112648
256,pythia-31m-deduped:mid_late,2.2664802184664099e-07,u_m4,2.0589776771154274e-10,0.8465638639762467,4a78ff500e65aa8d14d03bb270c8b3ed99a31d57f7eb082aa17bba73d3211324,44ae536c6d4b7b900a157776301c9293539bc235df00c69be32a162ec41f2d26,results/stage2/direct-unvalidated/pythia-grid-20260826T145530Z/pythia-31m-deduped__mid_late-continuation1/batch-summaries.jsonl,64,pythia-31m-deduped,mid_late,Pythia-31M,中后期,Pythia-31M · 中后期,U-4,-3.6990959921981506e-08,3.541359029684898e-11,0.4126486486841001,1.988328803216068e-07,30494720,pythia-31m-deduped__mid_late-continuation1/batch-summaries.jsonl,-9.686348361861,6.0,2.02412885526395e-10,1.0172167012790958,0.007413482071708432,1.067330496775487,-9.686348361860912
256,pythia-31m-deduped:mid_late,2.266506113785652e-07,u_m8,2.0591134242910656e-10,0.846549708680891,4a78ff500e65aa8d14d03bb270c8b3ed99a31d57f7eb082aa17bba73d3211324,32f9738598a2c56cc7fe0e87966d05822f9415d00b59f0d18f171e0f32b37144,results/stage2/direct-unvalidated/pythia-grid-20260826T145530Z/pythia-31m-deduped__mid_late-continuation1/batch-summaries.jsonl,64,pythia-31m-deduped,mid_late,Pythia-31M,中后期,Pythia-31M · 中后期,U-8,-3.698333871839648e-08,3.525206012287139e-11,0.41384731520735396,1.9878113014356733e-07,30494720,pythia-31m-deduped__mid_late-continuation1/batch-summaries.jsonl,-9.686319730027,7.0,2.02412885526395e-10,1.0172837657721912,0.0074421139051881365,1.0674008652413622,-9.686319730027432
